"","id","d_1914","d_1915","d_1916","d_1917","d_1918","d_1919","d_1920","d_1921","d_1922","d_1923","d_1924","d_1925","d_1926","d_1927","d_1928","d_1929","d_1930","d_1931","d_1932","d_1933","d_1934","d_1935","d_1936","d_1937","d_1938","d_1939","d_1940","d_1941"
"1","FOODS_3_001_TX_3_validation",0,0,0,0,0,0,1,0,0,0,0,0,0,0,0,0,0,0,0,0,0,0,0,0,0,0,0,0
"2","FOODS_3_002_TX_3_validation",1,1,1,1,1,2,1,1,1,1,2,1,1,1,1,1,1,1,1,1,1,1,1,1,1,1,1,1
"3","FOODS_3_003_TX_3_validation",0,0,0,0,0,1,1,0,0,0,0,0,0,0,0,0,0,0,0,0,0,0,0,0,0,0,0,0
"4","FOODS_3_004_TX_3_validation",0,0,0,0,0,0,0,0,0,0,0,0,0,0,0,0,0,0,0,0,0,0,0,0,0,0,0,0
"5","FOODS_3_005_TX_3_validation",1,1,0,0,0,0,1,0,0,0,0,0,0,0,0,0,0,0,0,0,0,0,0,0,0,0,0,0
"6","FOODS_3_006_TX_3_validation",1,1,1,1,1,1,2,1,1,1,1,1,1,1,1,1,1,1,1,1,1,1,1,1,1,1,1,1
"7","FOODS_3_007_TX_3_validation",2,2,2,2,2,2,-2,2,2,2,-1,2,2,0,2,2,2,2,2,2,2,2,2,2,2,2,2,2
"8","FOODS_3_008_TX_3_validation",3,3,2,3,3,2,2,3,3,3,1,3,3,1,3,2,3,2,3,3,3,3,2,2,2,2,2,3
"9","FOODS_3_009_TX_3_validation",1,1,1,1,1,1,1,1,1,1,1,1,1,1,1,1,1,1,1,1,1,1,1,1,1,1,1,1
"10","FOODS_3_010_TX_3_validation",1,1,1,1,1,1,0,1,1,1,1,1,1,1,1,1,1,1,1,1,1,1,1,1,1,1,1,1
"11","FOODS_3_011_TX_3_validation",0,0,0,0,0,1,0,0,0,0,0,0,0,1,0,0,0,0,0,0,0,0,0,0,0,0,0,0
"12","FOODS_3_012_TX_3_validation",0,0,0,0,0,1,0,0,0,0,1,0,0,0,0,0,0,0,0,0,0,0,0,0,0,0,0,0
"13","FOODS_3_013_TX_3_validation",0,0,0,0,0,1,0,0,0,0,0,0,0,0,0,0,0,0,0,0,0,0,0,0,0,0,0,0
"14","FOODS_3_014_TX_3_validation",1,1,1,1,1,2,1,1,1,1,3,1,1,2,1,1,1,1,1,1,1,1,1,1,1,1,1,1
"15","FOODS_3_015_TX_3_validation",2,2,2,2,2,2,2,2,2,2,3,2,2,1,2,2,2,2,2,2,2,2,2,2,2,2,2,2
"16","FOODS_3_016_TX_3_validation",1,1,1,1,1,1,1,1,1,1,0,1,1,1,1,1,1,1,1,1,1,1,1,1,1,1,1,1
"17","FOODS_3_017_TX_3_validation",0,0,0,0,0,0,0,0,0,0,0,0,0,0,0,0,0,0,0,0,0,0,0,0,0,0,0,0
"18","FOODS_3_018_TX_3_validation",1,1,1,1,1,1,1,1,1,1,1,1,1,1,1,1,1,1,1,1,1,1,1,1,1,1,1,1
"19","FOODS_3_019_TX_3_validation",0,0,0,0,0,0,1,0,0,0,1,0,0,1,0,0,0,0,0,0,0,0,0,0,0,0,0,0
"20","FOODS_3_020_TX_3_validation",1,1,1,1,1,1,2,1,1,1,0,1,1,1,1,1,1,1,1,1,1,1,1,1,1,1,1,1
"21","FOODS_3_021_TX_3_validation",1,1,1,1,1,2,3,1,1,1,2,1,1,2,1,1,1,1,1,1,1,1,1,1,1,1,1,1
"22","FOODS_3_022_TX_3_validation",0,0,0,0,0,0,0,0,0,0,0,0,0,0,0,0,0,0,0,0,0,0,0,0,0,0,0,0
"23","FOODS_3_023_TX_3_validation",1,1,1,1,1,1,1,1,1,1,1,1,1,1,1,1,1,1,1,1,1,1,1,1,1,1,1,1
"24","FOODS_3_024_TX_3_validation",2,2,2,2,2,1,0,2,2,2,1,2,2,4,2,2,1,2,2,2,2,2,2,2,2,1,1,1
"25","FOODS_3_025_TX_3_validation",1,1,1,1,1,1,1,1,1,1,1,1,1,1,1,1,1,1,1,1,1,1,1,1,1,1,1,1
"26","FOODS_3_026_TX_3_validation",1,1,1,1,1,1,1,1,1,1,1,1,1,1,1,1,1,1,1,1,1,1,1,1,1,1,1,1
"27","FOODS_3_027_TX_3_validation",0,0,0,0,0,0,0,0,0,0,0,0,0,0,0,0,0,0,0,0,0,0,0,0,0,0,0,0
"28","FOODS_3_028_TX_3_validation",1,1,1,1,1,1,1,1,1,1,1,1,1,2,1,1,1,1,1,1,1,1,1,1,1,1,1,1
"29","FOODS_3_029_TX_3_validation",1,1,1,1,1,1,1,1,1,1,2,1,1,0,1,1,1,1,1,1,1,1,1,1,1,1,1,1
"30","FOODS_3_030_TX_3_validation",17,17,17,17,18,10,15,17,17,17,14,17,18,21,17,17,18,18,17,18,18,17,18,18,17,18,18,18
"31","FOODS_3_031_TX_3_validation",0,0,0,0,0,0,0,0,0,0,0,0,0,0,0,0,0,0,0,0,0,0,0,0,0,0,0,0
"32","FOODS_3_032_TX_3_validation",1,1,1,1,1,1,1,1,1,1,1,1,1,1,1,1,1,1,1,1,1,1,1,1,1,1,1,1
"33","FOODS_3_033_TX_3_validation",1,1,1,1,1,1,0,1,1,1,0,1,1,1,1,1,1,1,1,1,1,1,1,1,1,1,1,1
"34","FOODS_3_034_TX_3_validation",1,1,1,1,1,0,0,1,1,1,1,1,1,1,1,1,1,1,1,1,1,1,1,1,1,1,1,1
"35","FOODS_3_035_TX_3_validation",1,1,1,1,1,1,1,1,1,1,0,1,1,1,1,1,1,1,1,1,1,1,1,1,1,1,1,1
"36","FOODS_3_036_TX_3_validation",0,0,0,0,0,0,0,0,0,0,0,0,0,0,0,0,0,0,0,0,0,0,0,0,0,0,0,0
"37","FOODS_3_037_TX_3_validation",0,0,0,0,0,0,1,0,0,0,0,0,0,0,0,0,0,0,0,0,0,0,0,0,0,0,0,0
"38","FOODS_3_038_TX_3_validation",0,0,0,0,0,0,0,0,0,0,0,0,0,0,0,0,0,0,0,0,0,0,0,0,0,0,0,0
"39","FOODS_3_039_TX_3_validation",1,1,1,1,1,-1,0,1,1,1,2,1,1,1,1,1,1,1,1,1,1,1,1,1,1,1,1,1
"40","FOODS_3_040_TX_3_validation",0,0,0,0,0,1,0,0,0,0,0,0,0,0,0,0,0,0,0,0,0,0,0,0,0,0,0,0
"41","FOODS_3_041_TX_3_validation",2,2,2,2,2,2,2,2,2,2,2,2,2,1,2,2,2,2,2,2,2,2,2,2,2,2,2,2
"42","FOODS_3_042_TX_3_validation",4,4,4,4,4,4,6,4,4,4,3,4,4,8,4,4,4,4,4,4,4,4,4,4,4,4,4,4
"43","FOODS_3_043_TX_3_validation",0,0,0,0,0,0,0,0,0,0,0,0,0,0,0,0,0,0,0,0,0,0,0,0,0,0,0,0
"44","FOODS_3_044_TX_3_validation",0,0,0,0,0,0,1,0,0,0,0,0,0,0,0,0,0,0,0,0,0,0,0,0,0,0,0,0
"45","FOODS_3_045_TX_3_validation",0,0,0,0,0,0,0,0,0,0,0,0,0,1,0,0,0,0,0,0,0,0,0,0,0,0,0,0
"46","FOODS_3_046_TX_3_validation",0,0,0,0,0,0,0,0,0,0,0,0,0,0,0,0,0,0,0,0,0,0,0,0,0,0,0,0
"47","FOODS_3_047_TX_3_validation",2,2,2,2,2,2,2,2,2,2,1,2,2,1,2,2,2,2,2,2,2,2,2,2,2,2,2,2
"48","FOODS_3_048_TX_3_validation",2,2,2,2,2,3,2,2,2,2,4,2,2,2,2,2,2,2,2,2,2,2,2,2,2,2,2,2
"49","FOODS_3_049_TX_3_validation",1,1,1,1,1,1,0,1,1,1,1,1,1,1,1,1,1,1,1,1,1,1,1,1,1,1,1,1
"50","FOODS_3_050_TX_3_validation",0,0,0,0,0,0,0,0,0,0,0,0,0,0,0,0,0,0,0,0,0,0,0,0,0,0,0,0
"51","FOODS_3_051_TX_3_validation",1,1,1,1,1,1,1,1,1,1,2,1,1,1,1,1,1,1,1,1,1,1,1,1,1,1,1,1
"52","FOODS_3_053_TX_3_validation",0,0,0,0,0,1,0,0,0,0,1,0,0,1,0,0,0,0,0,0,0,0,0,0,0,0,0,0
"53","FOODS_3_054_TX_3_validation",-1,-1,-1,-1,-1,-2,0,-1,-1,-1,-2,-1,-1,0,-1,-1,-1,-1,-1,-1,-1,-1,-1,-1,-1,-1,-1,-1
"54","FOODS_3_055_TX_3_validation",1,1,1,1,1,1,1,1,1,1,1,1,1,2,1,1,1,1,1,1,1,1,1,1,1,1,1,1
"55","FOODS_3_056_TX_3_validation",0,0,0,0,0,0,0,0,0,0,0,0,0,0,0,0,0,0,0,0,0,0,0,0,0,0,0,0
"56","FOODS_3_057_TX_3_validation",0,0,0,0,0,0,0,0,0,0,0,0,0,0,0,0,0,0,0,0,0,0,0,0,0,0,0,0
"57","FOODS_3_058_TX_3_validation",1,1,1,1,1,1,1,1,1,1,1,1,1,1,1,1,1,1,1,1,1,1,1,1,1,1,1,1
"58","FOODS_3_059_TX_3_validation",2,2,2,2,2,2,3,2,2,2,3,2,2,1,2,2,2,2,2,2,2,2,2,2,2,2,2,2
"59","FOODS_3_060_TX_3_validation",1,1,1,1,1,1,1,1,1,1,1,1,1,1,1,1,1,1,1,1,1,1,1,1,1,1,1,1
"60","FOODS_3_061_TX_3_validation",0,0,0,0,0,0,0,0,0,0,0,0,0,0,0,0,0,0,0,0,0,0,0,0,0,0,0,0
"61","FOODS_3_062_TX_3_validation",0,0,0,0,0,1,1,0,0,0,1,0,0,0,0,0,0,0,0,0,0,0,0,0,0,0,0,0
"62","FOODS_3_063_TX_3_validation",1,1,1,1,1,1,1,1,1,1,1,1,1,1,1,1,1,1,1,1,1,1,1,1,1,1,1,1
"63","FOODS_3_064_TX_3_validation",5,5,5,5,5,7,6,5,5,5,4,5,5,5,5,5,5,5,5,5,5,5,5,5,5,5,5,5
"64","FOODS_3_065_TX_3_validation",0,0,0,0,0,0,1,0,0,0,0,0,0,1,0,0,0,0,0,0,0,0,0,0,0,0,0,0
"65","FOODS_3_066_TX_3_validation",3,3,3,3,3,3,3,3,3,3,4,3,3,4,3,3,3,3,3,3,3,3,3,3,3,4,4,3
"66","FOODS_3_067_TX_3_validation",0,0,0,0,0,1,1,0,0,0,0,0,0,0,0,0,0,0,0,0,0,0,0,0,0,0,0,0
"67","FOODS_3_068_TX_3_validation",0,0,0,0,0,0,0,0,0,0,1,0,0,0,0,0,0,0,0,0,0,0,0,0,0,0,0,0
"68","FOODS_3_069_TX_3_validation",1,1,1,1,1,0,0,1,1,1,0,1,1,2,1,1,1,1,1,1,1,1,1,1,1,1,1,1
"69","FOODS_3_070_TX_3_validation",3,3,3,3,3,1,2,3,4,4,2,4,3,1,4,4,3,3,4,3,3,3,3,4,3,3,3,4
"70","FOODS_3_071_TX_3_validation",3,3,3,3,3,4,5,3,3,3,4,3,3,3,3,3,3,3,3,3,3,3,3,3,3,3,3,3
"71","FOODS_3_072_TX_3_validation",1,1,1,1,1,2,2,1,1,1,1,1,1,1,1,1,1,1,1,1,1,1,1,1,1,1,1,1
"72","FOODS_3_073_TX_3_validation",1,1,1,1,1,0,0,1,1,1,0,1,0,0,1,1,1,1,1,1,1,1,1,0,1,1,1,0
"73","FOODS_3_074_TX_3_validation",1,1,1,1,1,1,2,1,1,1,2,1,1,2,1,1,1,1,1,1,1,1,1,1,1,1,1,1
"74","FOODS_3_075_TX_3_validation",1,1,1,1,1,0,0,1,1,1,0,1,1,0,1,1,1,1,1,1,1,1,1,1,1,1,1,1
"75","FOODS_3_076_TX_3_validation",4,4,4,4,4,4,4,4,4,4,5,4,4,7,4,4,4,4,4,4,4,4,4,4,4,4,4,4
"76","FOODS_3_077_TX_3_validation",4,4,4,4,4,4,4,3,4,3,4,3,3,3,4,4,3,3,3,3,3,3,3,4,3,3,3,3
"77","FOODS_3_078_TX_3_validation",0,0,0,0,0,0,1,0,0,0,0,0,0,0,0,0,0,0,0,0,0,0,0,0,0,0,0,0
"78","FOODS_3_079_TX_3_validation",3,3,3,3,3,4,3,3,3,3,4,3,3,4,3,3,3,3,3,3,3,3,3,3,3,3,3,3
"79","FOODS_3_080_TX_3_validation",10,10,10,10,10,5,14,10,10,10,10,10,10,14,10,10,10,10,10,10,10,10,10,10,10,10,10,10
"80","FOODS_3_081_TX_3_validation",0,0,0,0,0,1,1,0,0,0,1,0,0,1,0,0,0,0,0,0,0,0,0,0,0,0,0,0
"81","FOODS_3_082_TX_3_validation",0,0,0,0,0,1,0,0,0,0,1,0,0,0,0,0,0,0,0,0,0,0,0,0,0,0,0,0
"82","FOODS_3_083_TX_3_validation",1,1,1,1,1,2,0,1,1,1,1,1,1,1,1,1,1,1,1,1,1,1,1,1,1,1,1,1
"83","FOODS_3_084_TX_3_validation",1,1,1,1,1,1,1,1,1,1,0,1,1,1,1,1,1,1,1,1,1,1,1,1,1,1,1,1
"84","FOODS_3_085_TX_3_validation",1,1,1,1,1,1,1,1,1,1,1,1,1,1,1,1,1,1,1,1,1,1,1,1,1,1,1,1
"85","FOODS_3_086_TX_3_validation",10,11,10,11,11,11,14,10,11,10,13,10,11,18,11,10,11,11,11,10,10,11,11,11,11,10,10,11
"86","FOODS_3_087_TX_3_validation",3,3,3,3,3,3,3,3,3,3,4,3,3,3,3,3,3,3,3,3,3,3,3,3,3,3,3,3
"87","FOODS_3_088_TX_3_validation",0,0,0,0,0,0,0,0,0,0,0,0,0,0,0,0,0,0,0,0,0,0,0,0,0,0,0,0
"88","FOODS_3_089_TX_3_validation",1,1,1,1,1,1,1,1,1,1,1,1,1,2,1,1,1,1,1,1,1,1,1,1,1,1,1,1
"89","FOODS_3_090_TX_3_validation",57,57,57,56,57,56,70,57,56,57,59,57,58,90,57,58,56,57,57,57,57,58,58,57,57,58,57,57
"90","FOODS_3_091_TX_3_validation",1,0,1,0,1,0,0,0,1,1,0,0,1,0,1,1,1,1,1,1,1,1,0,1,1,1,1,1
"91","FOODS_3_092_TX_3_validation",1,1,1,1,1,1,1,1,1,1,1,1,1,0,1,1,1,1,1,1,1,1,1,1,1,1,1,1
"92","FOODS_3_093_TX_3_validation",4,4,4,4,4,4,7,4,4,4,4,4,4,5,4,5,5,4,5,5,5,5,5,5,5,5,5,5
"93","FOODS_3_094_TX_3_validation",1,1,1,1,1,1,1,1,1,1,1,1,1,1,1,1,1,1,1,1,1,1,1,1,1,1,1,1
"94","FOODS_3_095_TX_3_validation",0,0,0,0,0,0,0,0,0,0,0,0,0,0,0,0,0,0,0,0,0,0,0,0,0,0,0,0
"95","FOODS_3_096_TX_3_validation",0,0,0,0,0,0,0,0,0,0,0,0,0,1,0,0,0,0,0,0,0,0,0,0,0,0,0,0
"96","FOODS_3_097_TX_3_validation",1,2,1,1,2,1,2,2,2,2,4,2,2,1,2,2,2,1,2,2,1,1,1,2,2,2,1,2
"97","FOODS_3_098_TX_3_validation",1,1,1,1,1,1,0,1,1,1,1,1,1,1,1,1,1,1,1,1,1,1,1,1,1,1,1,1
"98","FOODS_3_099_TX_3_validation",5,5,5,5,5,5,5,5,5,5,4,5,5,5,5,5,5,5,5,5,5,5,5,5,5,5,5,5
"99","FOODS_3_100_TX_3_validation",1,1,1,1,1,2,0,1,1,1,3,1,1,1,1,1,1,1,1,1,1,1,1,1,1,1,1,1
"100","FOODS_3_101_TX_3_validation",3,3,3,3,3,4,8,3,3,3,2,3,3,2,3,3,3,3,3,3,3,3,3,3,3,3,3,3
"101","FOODS_3_102_TX_3_validation",1,1,0,1,1,0,0,1,1,1,1,0,1,0,1,1,1,1,1,1,1,1,1,1,1,1,1,1
"102","FOODS_3_103_TX_3_validation",1,1,1,1,1,0,1,1,1,1,0,1,1,1,1,1,1,1,1,1,1,1,1,1,1,1,1,1
"103","FOODS_3_104_TX_3_validation",1,1,1,1,1,1,1,1,1,1,2,1,1,1,1,1,1,1,1,1,1,1,1,1,1,1,1,1
"104","FOODS_3_105_TX_3_validation",1,1,1,1,1,0,1,1,1,1,1,1,1,1,1,1,1,1,1,1,1,1,1,1,1,1,1,1
"105","FOODS_3_106_TX_3_validation",1,1,1,1,1,0,1,1,1,1,2,1,1,1,1,1,1,1,1,1,1,1,1,1,1,1,1,1
"106","FOODS_3_107_TX_3_validation",1,1,1,1,1,1,0,1,1,1,1,1,1,2,1,1,1,1,1,1,1,1,1,1,1,1,1,1
"107","FOODS_3_108_TX_3_validation",1,1,1,1,1,3,2,1,1,1,2,1,1,2,1,1,1,1,1,1,1,1,1,1,1,1,1,1
"108","FOODS_3_109_TX_3_validation",9,9,9,9,9,9,8,9,9,9,7,9,9,18,9,9,9,9,9,9,9,9,9,9,9,9,9,9
"109","FOODS_3_110_TX_3_validation",0,0,0,0,0,0,0,0,0,0,1,0,0,0,0,0,0,0,0,0,0,0,0,0,0,0,0,0
"110","FOODS_3_111_TX_3_validation",1,1,1,1,1,1,1,1,1,1,1,1,1,1,1,1,1,1,1,1,1,1,1,1,1,1,1,1
"111","FOODS_3_112_TX_3_validation",1,1,1,1,1,2,1,1,1,1,1,1,1,0,1,1,1,1,1,1,1,1,1,1,1,1,1,1
"112","FOODS_3_113_TX_3_validation",1,1,1,1,1,-1,3,1,1,1,5,1,1,3,1,1,1,1,1,1,1,1,1,1,1,1,1,1
"113","FOODS_3_114_TX_3_validation",0,1,1,1,1,0,1,1,1,1,0,1,1,1,1,0,1,1,1,1,1,1,1,1,1,1,1,1
"114","FOODS_3_115_TX_3_validation",2,2,2,2,2,1,1,2,2,2,1,2,2,2,2,2,2,2,2,2,2,2,2,2,2,2,2,2
"115","FOODS_3_116_TX_3_validation",1,1,1,1,1,4,3,1,1,1,2,1,1,1,1,1,1,1,1,1,1,1,1,1,1,1,1,1
"116","FOODS_3_117_TX_3_validation",8,8,8,8,8,7,8,8,8,9,12,9,9,10,9,9,9,9,9,9,9,9,9,9,9,9,9,9
"117","FOODS_3_118_TX_3_validation",1,1,1,1,1,2,1,1,1,1,1,1,1,1,1,1,1,1,1,1,1,1,1,1,1,1,1,1
"118","FOODS_3_119_TX_3_validation",1,1,1,1,1,1,1,1,1,1,1,1,1,1,1,1,1,1,1,1,1,1,1,1,1,1,1,1
"119","FOODS_3_120_TX_3_validation",25,25,25,25,25,25,27,25,25,25,18,25,25,24,25,25,25,25,25,25,25,25,25,25,25,25,25,25
"120","FOODS_3_121_TX_3_validation",2,2,2,2,2,3,1,2,2,2,2,2,2,1,2,2,2,2,2,1,2,2,1,2,2,1,1,2
"121","FOODS_3_122_TX_3_validation",1,1,1,1,1,1,1,1,1,1,1,1,1,1,1,1,1,1,1,1,1,1,1,1,1,1,1,1
"122","FOODS_3_123_TX_3_validation",0,0,0,0,0,0,0,0,0,0,0,0,0,0,0,0,0,0,0,0,0,0,0,0,0,0,0,0
"123","FOODS_3_124_TX_3_validation",3,3,3,3,3,2,6,3,3,3,1,3,3,1,3,3,3,3,3,3,3,3,3,3,3,3,3,3
"124","FOODS_3_125_TX_3_validation",0,0,0,0,0,0,0,0,0,0,0,0,0,1,0,0,0,0,0,0,0,0,0,0,0,0,0,0
"125","FOODS_3_126_TX_3_validation",2,2,2,2,2,2,2,2,2,2,4,2,2,1,2,2,2,2,2,2,2,2,2,2,2,2,2,2
"126","FOODS_3_127_TX_3_validation",1,1,1,1,1,0,1,1,1,1,1,1,1,1,1,1,1,1,1,1,1,1,1,1,1,1,1,1
"127","FOODS_3_128_TX_3_validation",0,0,0,0,0,0,1,0,0,0,0,0,0,0,0,0,0,0,0,0,0,0,0,0,0,0,0,0
"128","FOODS_3_129_TX_3_validation",1,1,1,1,1,1,0,1,1,1,1,1,1,0,1,1,1,1,1,1,1,1,1,1,1,1,1,1
"129","FOODS_3_130_TX_3_validation",1,1,1,1,1,0,2,1,1,1,1,1,1,0,1,1,1,1,1,1,1,1,1,1,1,1,1,1
"130","FOODS_3_131_TX_3_validation",2,2,2,2,2,1,1,2,2,2,1,2,2,2,2,2,2,2,2,2,2,2,2,2,2,2,2,2
"131","FOODS_3_132_TX_3_validation",1,1,1,1,1,0,2,1,1,1,1,1,1,2,1,1,1,1,1,1,1,1,1,1,1,1,1,1
"132","FOODS_3_133_TX_3_validation",4,4,4,4,4,2,4,4,4,4,5,4,4,1,4,4,4,4,4,4,4,4,4,4,4,4,4,4
"133","FOODS_3_134_TX_3_validation",3,3,3,3,3,4,5,3,3,3,5,3,3,4,3,3,3,3,3,3,3,3,3,3,3,3,3,3
"134","FOODS_3_135_TX_3_validation",8,8,8,8,8,8,9,8,8,8,7,8,8,8,8,8,8,8,8,8,8,8,8,8,8,8,8,8
"135","FOODS_3_136_TX_3_validation",8,8,8,8,8,8,10,8,8,8,9,8,8,16,8,8,8,8,8,8,8,8,8,8,8,8,8,9
"136","FOODS_3_137_TX_3_validation",0,0,0,0,0,0,0,0,0,0,1,0,0,0,0,0,0,0,0,0,0,0,0,0,0,0,0,0
"137","FOODS_3_138_TX_3_validation",1,1,1,1,1,1,3,1,1,1,1,1,1,1,1,1,1,1,1,1,1,1,1,1,1,1,1,1
"138","FOODS_3_139_TX_3_validation",1,1,1,1,1,1,1,1,1,1,1,1,1,1,1,1,1,1,1,1,1,1,1,1,1,1,1,1
"139","FOODS_3_140_TX_3_validation",1,1,1,1,1,1,1,1,1,1,1,1,1,0,1,1,1,1,1,1,1,1,1,1,1,1,1,1
"140","FOODS_3_141_TX_3_validation",0,0,0,0,0,1,1,0,0,0,0,0,0,0,0,0,0,0,0,0,0,0,0,0,0,0,0,0
"141","FOODS_3_142_TX_3_validation",0,0,0,0,0,2,0,0,0,0,0,0,0,0,0,0,0,0,0,0,0,0,0,0,0,0,0,0
"142","FOODS_3_143_TX_3_validation",0,0,0,0,0,0,0,0,0,0,0,0,0,0,0,1,1,0,0,0,1,0,0,0,1,0,1,0
"143","FOODS_3_144_TX_3_validation",2,2,2,2,2,3,7,2,2,2,1,2,2,5,2,2,2,2,2,2,2,2,2,2,2,2,2,2
"144","FOODS_3_145_TX_3_validation",0,0,0,0,0,0,0,0,0,0,0,0,0,0,0,0,0,0,0,0,0,0,0,0,0,0,0,0
"145","FOODS_3_146_TX_3_validation",2,2,2,2,2,2,2,2,2,2,2,2,2,2,2,2,2,2,2,2,2,2,2,2,2,2,2,2
"146","FOODS_3_147_TX_3_validation",2,2,2,2,2,2,3,2,2,2,2,2,2,3,2,2,2,2,2,2,2,2,2,2,2,2,2,2
"147","FOODS_3_148_TX_3_validation",1,1,1,1,1,1,3,1,1,1,5,1,1,0,1,1,1,1,1,1,1,1,1,1,1,1,1,1
"148","FOODS_3_149_TX_3_validation",0,0,0,0,0,0,0,0,0,0,2,0,0,0,0,0,0,0,0,0,0,0,0,0,0,0,0,0
"149","FOODS_3_150_TX_3_validation",9,8,8,8,8,7,7,8,8,9,8,9,9,9,9,9,9,9,9,9,9,9,9,9,9,9,9,9
"150","FOODS_3_151_TX_3_validation",3,3,3,3,3,4,3,3,3,3,3,3,3,4,3,3,3,3,3,3,3,3,3,3,3,3,3,3
"151","FOODS_3_152_TX_3_validation",1,1,1,1,1,1,2,1,1,1,1,1,1,1,1,1,1,1,1,1,1,1,1,1,1,1,1,1
"152","FOODS_3_153_TX_3_validation",1,1,1,1,1,1,1,1,1,1,1,1,1,1,1,1,1,1,1,1,1,1,1,1,1,1,1,1
"153","FOODS_3_154_TX_3_validation",3,3,3,3,3,8,14,3,3,3,12,3,3,10,3,3,3,3,3,3,3,3,3,3,3,3,3,3
"154","FOODS_3_155_TX_3_validation",0,0,0,0,0,0,0,0,0,0,0,0,0,1,0,0,0,0,0,0,0,0,0,0,0,0,0,0
"155","FOODS_3_156_TX_3_validation",1,1,1,1,1,1,2,1,1,1,1,1,1,1,1,1,1,1,1,1,1,1,1,1,1,1,1,1
"156","FOODS_3_157_TX_3_validation",1,1,1,1,1,1,1,1,1,1,1,1,1,1,1,1,1,1,1,1,1,1,1,1,1,1,1,1
"157","FOODS_3_158_TX_3_validation",0,0,0,0,0,0,1,0,0,0,0,0,0,0,0,0,0,0,0,0,0,0,0,0,0,0,0,0
"158","FOODS_3_159_TX_3_validation",0,0,0,0,0,0,0,0,0,0,0,0,0,0,0,0,0,0,0,0,0,0,0,0,0,0,0,0
"159","FOODS_3_160_TX_3_validation",0,0,0,0,0,0,-1,0,0,0,1,0,0,0,0,0,0,0,0,0,0,0,0,0,0,0,0,0
"160","FOODS_3_161_TX_3_validation",0,0,0,0,0,0,0,0,0,0,0,0,0,0,0,0,0,0,0,0,0,0,0,0,0,0,0,0
"161","FOODS_3_162_TX_3_validation",0,0,0,0,0,0,0,0,0,0,0,0,0,0,0,0,0,0,0,0,0,0,0,0,0,0,0,0
"162","FOODS_3_163_TX_3_validation",1,1,1,1,1,2,1,1,1,1,1,1,1,1,1,1,1,1,1,1,1,1,1,1,1,1,1,1
"163","FOODS_3_164_TX_3_validation",0,0,0,0,0,0,0,0,0,0,0,0,0,0,0,0,0,0,0,0,0,0,0,0,0,0,0,0
"164","FOODS_3_165_TX_3_validation",0,0,0,0,0,0,0,0,0,0,0,0,0,0,0,0,0,0,0,0,0,0,0,0,0,0,0,0
"165","FOODS_3_166_TX_3_validation",1,1,1,1,1,2,2,1,1,1,1,1,1,1,1,1,1,1,1,1,1,1,1,1,1,1,2,1
"166","FOODS_3_167_TX_3_validation",2,2,2,2,2,2,1,2,2,2,2,2,2,1,2,2,2,2,2,2,2,2,2,2,2,2,2,2
"167","FOODS_3_168_TX_3_validation",1,1,1,1,1,2,1,1,1,1,0,1,1,0,1,1,1,1,1,1,1,1,1,1,1,1,1,1
"168","FOODS_3_169_TX_3_validation",2,2,2,2,2,2,3,2,2,2,2,2,2,2,2,2,2,2,2,2,2,2,2,2,2,2,2,2
"169","FOODS_3_170_TX_3_validation",0,0,0,0,0,0,0,0,0,0,1,0,0,0,0,0,0,0,0,0,0,0,0,0,0,0,0,0
"170","FOODS_3_171_TX_3_validation",0,0,0,0,0,0,0,0,0,0,0,0,0,0,0,0,0,0,0,0,0,0,0,0,0,0,0,0
"171","FOODS_3_172_TX_3_validation",2,2,2,2,2,2,2,2,2,2,2,2,2,2,2,2,2,2,2,2,2,2,2,2,2,2,2,2
"172","FOODS_3_173_TX_3_validation",0,0,0,0,0,0,0,0,0,0,0,0,0,0,0,0,0,0,0,0,0,0,0,0,0,0,0,0
"173","FOODS_3_174_TX_3_validation",1,1,1,1,1,0,1,1,1,1,2,1,1,1,1,1,1,1,1,1,1,1,1,1,1,1,1,1
"174","FOODS_3_175_TX_3_validation",0,0,0,0,0,0,0,0,0,0,0,0,0,0,0,0,0,0,0,0,0,0,0,0,0,0,0,0
"175","FOODS_3_176_TX_3_validation",1,1,1,1,1,1,1,1,1,1,2,1,1,1,1,1,1,1,1,1,1,1,1,1,1,1,1,1
"176","FOODS_3_177_TX_3_validation",0,0,0,0,0,0,0,0,0,0,0,0,0,0,0,0,0,0,0,0,0,0,0,0,0,0,0,0
"177","FOODS_3_178_TX_3_validation",3,3,3,3,3,4,6,3,3,3,4,3,3,4,3,3,3,3,3,3,3,3,3,3,3,3,3,4
"178","FOODS_3_179_TX_3_validation",0,0,0,0,0,0,0,0,0,0,0,0,0,0,0,0,0,0,0,0,0,0,0,0,0,0,0,0
"179","FOODS_3_180_TX_3_validation",0,0,0,0,0,0,0,0,0,0,0,0,0,0,0,0,0,0,0,0,0,0,0,0,0,0,0,0
"180","FOODS_3_181_TX_3_validation",1,1,1,1,1,1,3,1,1,1,0,1,1,1,1,1,1,1,1,1,1,1,1,1,1,1,1,1
"181","FOODS_3_182_TX_3_validation",0,0,0,0,0,0,0,0,0,0,0,0,0,1,0,0,0,0,0,0,0,0,0,0,0,0,0,0
"182","FOODS_3_183_TX_3_validation",2,2,2,2,2,2,3,2,2,2,1,2,2,2,2,2,2,2,2,2,2,2,2,2,2,2,2,2
"183","FOODS_3_184_TX_3_validation",0,1,1,1,1,0,1,1,0,1,1,1,1,1,0,0,0,0,0,0,1,0,0,0,0,0,0,0
"184","FOODS_3_185_TX_3_validation",3,3,3,3,3,3,3,3,3,3,2,3,3,4,3,3,3,3,3,3,3,3,3,3,3,3,3,3
"185","FOODS_3_186_TX_3_validation",0,0,0,0,0,1,0,0,0,0,0,0,0,1,0,0,0,0,0,0,0,0,0,0,0,0,0,0
"186","FOODS_3_187_TX_3_validation",1,1,1,1,1,0,2,1,1,1,3,1,1,1,1,1,1,1,1,1,1,1,1,1,1,1,1,1
"187","FOODS_3_188_TX_3_validation",0,0,0,0,0,0,0,0,0,0,0,0,0,0,0,0,0,0,0,0,0,0,0,0,0,0,0,0
"188","FOODS_3_189_TX_3_validation",0,0,0,0,0,0,0,0,0,0,0,0,0,0,0,0,0,0,0,0,0,0,0,0,0,0,0,0
"189","FOODS_3_190_TX_3_validation",1,1,1,1,1,1,2,1,1,1,3,1,1,1,1,1,1,1,1,1,1,1,1,1,1,1,1,1
"190","FOODS_3_191_TX_3_validation",2,2,2,2,2,2,0,2,2,2,1,2,2,2,2,2,2,2,2,2,2,2,2,2,2,2,2,2
"191","FOODS_3_192_TX_3_validation",1,1,1,1,1,1,1,1,1,1,1,1,1,1,1,1,1,1,1,1,1,1,1,1,1,1,1,1
"192","FOODS_3_193_TX_3_validation",0,0,0,0,0,0,0,0,0,0,0,0,0,0,0,0,0,0,0,0,0,0,0,0,0,0,0,0
"193","FOODS_3_194_TX_3_validation",0,0,0,0,0,0,0,0,0,0,0,0,0,0,0,0,0,0,0,0,0,0,0,0,0,0,0,0
"194","FOODS_3_195_TX_3_validation",1,1,1,1,1,0,3,1,1,1,0,1,1,-2,1,1,1,1,1,1,1,1,1,1,1,1,1,1
"195","FOODS_3_196_TX_3_validation",1,1,1,1,1,0,0,1,1,1,1,1,1,1,1,1,1,1,1,1,1,1,1,1,1,1,1,1
"196","FOODS_3_197_TX_3_validation",0,0,0,0,0,1,0,0,0,0,0,0,0,0,0,0,0,0,0,0,0,0,0,0,0,0,0,0
"197","FOODS_3_198_TX_3_validation",0,0,0,0,0,0,0,0,0,0,1,0,0,0,0,0,0,0,0,0,0,0,0,0,0,0,0,0
"198","FOODS_3_199_TX_3_validation",0,0,0,0,0,0,1,0,0,0,0,0,0,0,0,0,0,0,0,0,0,0,0,0,0,0,0,0
"199","FOODS_3_200_TX_3_validation",2,2,2,2,2,1,2,2,2,2,1,2,2,2,2,2,2,2,2,2,2,2,2,2,2,2,2,2
"200","FOODS_3_201_TX_3_validation",1,1,1,1,1,1,1,1,1,1,0,1,1,1,1,1,1,1,1,1,1,1,1,1,1,1,1,1
"201","FOODS_3_202_TX_3_validation",31,31,31,31,31,28,42,31,31,31,33,31,31,47,31,32,31,32,32,31,31,32,32,32,32,32,32,32
"202","FOODS_3_203_TX_3_validation",1,1,1,1,1,0,2,1,1,1,1,1,1,0,1,1,1,1,1,1,1,1,1,1,1,1,1,1
"203","FOODS_3_204_TX_3_validation",0,0,0,0,0,0,0,0,0,0,0,0,0,0,0,0,0,0,0,0,0,0,0,0,0,0,0,0
"204","FOODS_3_205_TX_3_validation",1,1,1,1,1,1,2,1,1,1,2,1,1,3,1,1,1,1,1,1,1,1,1,1,1,1,1,1
"205","FOODS_3_206_TX_3_validation",1,1,1,1,1,2,1,1,1,1,1,1,1,0,1,1,1,1,1,1,1,1,1,1,1,1,1,1
"206","FOODS_3_207_TX_3_validation",1,1,0,0,1,0,0,0,1,1,0,1,0,1,0,1,1,0,1,1,1,1,1,1,0,1,0,1
"207","FOODS_3_208_TX_3_validation",1,1,1,1,1,1,1,1,1,1,1,1,1,2,1,1,1,1,1,1,1,1,1,1,1,1,1,1
"208","FOODS_3_209_TX_3_validation",1,1,1,1,1,1,1,1,1,1,1,1,1,1,1,1,1,1,1,1,1,1,1,1,1,1,1,1
"209","FOODS_3_210_TX_3_validation",0,0,0,0,0,0,0,0,0,0,0,0,0,0,0,0,0,0,0,0,0,0,0,0,0,0,0,0
"210","FOODS_3_211_TX_3_validation",1,1,1,1,1,0,1,1,1,1,1,1,1,1,1,1,1,1,1,1,1,1,1,1,1,1,1,1
"211","FOODS_3_212_TX_3_validation",0,0,0,0,0,0,2,0,0,0,1,0,0,0,0,0,0,0,0,0,0,0,0,0,0,0,0,0
"212","FOODS_3_213_TX_3_validation",1,2,2,1,1,0,2,2,2,1,3,2,1,3,1,2,1,2,1,2,2,1,1,2,1,1,2,1
"213","FOODS_3_214_TX_3_validation",0,0,0,0,0,0,0,0,0,0,0,0,0,0,0,0,0,0,0,0,0,0,0,0,1,0,0,1
"214","FOODS_3_215_TX_3_validation",2,2,2,2,2,2,1,2,2,2,3,2,2,1,2,2,2,2,2,2,2,2,2,2,2,2,2,2
"215","FOODS_3_216_TX_3_validation",0,0,0,0,0,0,0,0,0,0,0,0,0,1,0,0,0,0,0,0,0,0,0,0,0,0,0,0
"216","FOODS_3_217_TX_3_validation",1,1,1,1,1,1,1,1,1,1,1,1,1,0,1,1,1,1,1,1,1,1,1,1,1,1,1,1
"217","FOODS_3_218_TX_3_validation",0,0,0,0,0,0,1,0,0,0,0,0,0,0,0,0,0,0,0,0,0,0,0,0,0,0,0,0
"218","FOODS_3_219_TX_3_validation",0,0,0,0,0,0,-1,0,0,0,0,0,0,0,0,0,0,0,0,0,0,0,0,0,0,0,0,0
"219","FOODS_3_220_TX_3_validation",0,0,0,0,0,0,0,0,0,0,0,0,0,0,0,0,0,0,0,0,0,0,0,0,0,0,0,0
"220","FOODS_3_221_TX_3_validation",0,0,0,0,0,0,0,0,0,0,0,0,0,0,0,0,0,0,0,0,0,0,0,0,0,0,0,0
"221","FOODS_3_222_TX_3_validation",0,0,0,0,0,0,0,0,0,0,0,0,0,0,0,0,0,0,0,0,0,0,0,0,0,0,0,0
"222","FOODS_3_223_TX_3_validation",0,0,0,0,0,1,1,0,0,0,0,0,0,0,0,0,0,0,0,0,0,0,0,0,0,0,0,0
"223","FOODS_3_224_TX_3_validation",1,1,1,1,1,1,1,1,1,1,3,1,1,2,1,1,1,1,1,1,1,1,1,1,1,1,1,1
"224","FOODS_3_225_TX_3_validation",1,1,1,1,1,1,3,1,1,1,2,1,1,2,1,1,1,1,1,1,1,1,1,1,1,1,1,1
"225","FOODS_3_226_TX_3_validation",14,14,14,14,14,14,14,14,14,14,17,14,14,17,14,14,14,14,14,14,14,14,14,14,14,14,14,14
"226","FOODS_3_227_TX_3_validation",7,7,7,7,7,2,2,7,7,7,1,7,7,4,7,7,7,7,7,7,7,7,7,7,7,7,7,7
"227","FOODS_3_228_TX_3_validation",7,7,7,7,7,6,6,7,7,7,9,7,7,11,7,7,7,7,7,7,7,7,7,7,7,7,7,7
"228","FOODS_3_229_TX_3_validation",2,2,2,2,2,1,1,2,2,2,1,2,2,1,2,2,2,2,2,2,2,2,2,2,2,2,2,2
"229","FOODS_3_230_TX_3_validation",3,3,3,3,3,2,5,3,3,3,1,3,3,3,3,3,3,3,3,3,3,3,3,3,3,3,3,3
"230","FOODS_3_231_TX_3_validation",2,2,2,2,2,2,5,3,2,2,1,2,2,2,2,2,2,2,2,2,2,2,2,2,2,2,2,3
"231","FOODS_3_232_TX_3_validation",1,1,1,1,1,1,0,1,1,1,1,1,1,1,1,1,1,1,1,1,1,1,1,1,1,1,1,1
"232","FOODS_3_233_TX_3_validation",2,2,2,2,2,2,1,2,2,2,0,2,2,0,2,2,2,2,2,2,2,2,2,2,2,2,2,2
"233","FOODS_3_234_TX_3_validation",5,5,5,6,5,8,-5,5,5,5,0,5,5,0,5,5,5,5,5,6,5,5,5,5,5,5,5,5
"234","FOODS_3_235_TX_3_validation",0,0,0,0,0,0,1,0,0,0,0,0,0,0,0,0,0,0,0,0,0,0,0,0,0,0,0,0
"235","FOODS_3_236_TX_3_validation",1,1,1,1,1,0,0,1,1,1,0,1,1,0,1,1,1,1,1,1,1,1,1,1,1,1,1,1
"236","FOODS_3_237_TX_3_validation",1,1,1,1,1,3,0,1,1,1,-1,1,1,2,1,1,1,1,1,1,1,1,1,1,1,1,1,1
"237","FOODS_3_238_TX_3_validation",1,1,1,1,1,0,1,1,1,1,0,1,1,1,1,1,1,1,1,1,1,1,1,1,1,1,1,1
"238","FOODS_3_239_TX_3_validation",0,0,0,0,0,1,1,0,0,0,0,0,0,1,1,0,1,0,1,1,0,0,1,0,1,0,1,1
"239","FOODS_3_240_TX_3_validation",1,1,1,1,1,1,1,1,1,1,1,1,1,1,1,1,1,1,1,1,1,1,1,1,1,1,1,1
"240","FOODS_3_241_TX_3_validation",1,1,1,1,1,2,0,1,1,1,1,1,1,1,1,1,1,1,1,1,1,1,1,1,1,1,1,1
"241","FOODS_3_242_TX_3_validation",1,1,1,1,1,1,1,1,1,1,0,1,1,1,1,1,1,1,1,1,1,1,1,1,1,1,1,1
"242","FOODS_3_243_TX_3_validation",1,1,1,1,1,0,1,1,1,1,1,1,1,0,1,1,1,1,1,1,1,1,1,1,1,1,1,1
"243","FOODS_3_244_TX_3_validation",0,0,0,0,0,0,0,0,0,0,0,0,0,0,0,0,0,0,0,0,0,0,0,0,0,0,0,0
"244","FOODS_3_245_TX_3_validation",4,4,4,4,4,7,11,4,4,4,5,4,4,4,4,4,4,3,4,3,3,4,4,3,4,3,4,3
"245","FOODS_3_246_TX_3_validation",1,1,1,1,1,0,1,1,1,1,0,1,1,0,1,1,1,1,1,1,1,1,1,1,1,1,1,1
"246","FOODS_3_247_TX_3_validation",0,0,0,0,0,0,0,0,0,0,0,0,0,0,0,0,0,0,0,0,0,0,0,0,0,0,0,0
"247","FOODS_3_248_TX_3_validation",1,1,1,1,1,0,1,1,1,1,1,1,1,1,1,1,1,1,1,1,1,1,1,1,1,1,1,1
"248","FOODS_3_249_TX_3_validation",1,1,1,1,1,1,3,1,1,1,0,1,1,2,1,1,1,1,1,1,1,1,1,1,1,1,1,1
"249","FOODS_3_250_TX_3_validation",2,2,2,2,1,2,2,1,1,1,3,1,2,1,2,2,1,1,2,1,2,1,2,1,2,1,2,1
"250","FOODS_3_251_TX_3_validation",0,0,0,0,0,0,1,0,0,0,0,0,0,0,0,0,0,0,0,0,0,0,0,0,0,0,0,0
"251","FOODS_3_252_TX_3_validation",43,43,43,42,43,37,52,42,43,43,36,42,43,64,43,43,42,42,42,42,42,42,42,43,42,42,43,43
"252","FOODS_3_253_TX_3_validation",1,1,1,1,1,0,1,1,1,1,1,1,1,1,1,1,1,1,1,1,1,1,1,1,1,1,1,1
"253","FOODS_3_254_TX_3_validation",1,0,0,1,0,0,1,1,0,1,0,0,1,0,1,1,1,1,1,1,1,1,1,1,1,1,1,1
"254","FOODS_3_255_TX_3_validation",0,0,0,0,0,0,0,0,0,0,0,0,0,0,0,0,0,0,0,0,0,0,0,0,0,0,0,0
"255","FOODS_3_256_TX_3_validation",0,0,0,0,0,0,0,0,0,0,1,0,0,0,0,0,0,0,0,0,0,0,0,0,0,0,0,0
"256","FOODS_3_257_TX_3_validation",1,1,1,1,1,1,2,1,1,1,0,1,1,2,1,1,1,1,1,1,1,1,1,1,1,1,1,1
"257","FOODS_3_258_TX_3_validation",3,3,3,3,3,4,4,3,3,3,5,3,3,3,3,3,3,3,3,3,3,3,3,3,3,3,3,3
"258","FOODS_3_259_TX_3_validation",2,2,2,2,2,2,2,2,2,2,1,2,2,2,2,2,2,2,2,2,2,2,2,2,2,2,2,2
"259","FOODS_3_260_TX_3_validation",0,0,0,0,0,0,0,0,0,0,0,0,0,0,0,0,0,0,0,0,0,0,0,0,0,0,0,0
"260","FOODS_3_261_TX_3_validation",1,1,1,1,1,0,0,1,1,1,1,1,1,1,1,1,1,1,1,1,1,1,1,1,1,1,1,1
"261","FOODS_3_262_TX_3_validation",1,1,1,1,1,1,1,1,1,1,0,1,1,0,1,1,1,1,1,1,1,1,1,1,1,1,1,1
"262","FOODS_3_263_TX_3_validation",6,6,6,6,6,4,9,6,6,6,5,6,6,6,6,6,6,6,6,6,6,6,6,6,6,6,6,6
"263","FOODS_3_264_TX_3_validation",1,1,1,1,1,1,1,1,1,1,1,1,1,1,1,1,1,1,1,1,1,1,1,1,1,1,1,1
"264","FOODS_3_265_TX_3_validation",1,1,1,1,1,1,0,1,1,1,1,1,1,1,1,1,1,1,1,1,1,1,1,1,1,1,1,1
"265","FOODS_3_266_TX_3_validation",0,0,0,0,0,0,0,0,0,0,0,0,0,0,0,0,0,0,0,0,0,0,0,0,0,0,0,0
"266","FOODS_3_267_TX_3_validation",2,2,2,2,3,2,3,2,2,2,2,2,2,1,2,2,2,3,3,3,3,3,2,2,2,2,3,3
"267","FOODS_3_268_TX_3_validation",0,0,0,0,0,1,0,0,0,0,0,0,0,0,0,0,0,0,0,0,0,0,0,0,0,0,0,0
"268","FOODS_3_269_TX_3_validation",0,0,0,0,0,0,3,0,0,0,0,0,0,0,0,0,0,0,0,0,0,0,0,0,0,0,0,0
"269","FOODS_3_270_TX_3_validation",0,0,0,0,0,0,0,0,0,0,0,0,0,0,0,0,0,0,0,0,0,0,0,0,0,0,0,0
"270","FOODS_3_271_TX_3_validation",1,1,1,1,1,1,1,1,1,1,2,1,1,1,1,1,1,1,1,1,1,1,1,1,1,1,1,1
"271","FOODS_3_272_TX_3_validation",1,1,1,1,1,1,0,1,1,1,0,1,1,1,1,1,1,1,1,1,1,1,1,1,1,1,1,1
"272","FOODS_3_273_TX_3_validation",1,1,1,1,1,0,0,1,1,1,0,1,1,0,1,1,1,1,1,1,1,1,1,1,1,1,1,1
"273","FOODS_3_274_TX_3_validation",0,0,0,0,0,0,0,0,0,0,0,0,0,1,0,0,0,0,0,0,0,0,0,0,0,0,0,0
"274","FOODS_3_275_TX_3_validation",1,1,1,1,1,1,1,1,1,1,1,1,1,1,1,1,1,1,1,1,1,1,1,1,1,1,1,1
"275","FOODS_3_276_TX_3_validation",1,1,1,1,1,1,1,1,1,1,1,1,1,2,1,1,1,1,1,1,1,1,1,1,1,1,1,1
"276","FOODS_3_277_TX_3_validation",2,2,2,2,2,2,2,2,2,2,2,2,2,2,2,2,2,2,2,2,2,2,2,2,2,2,2,2
"277","FOODS_3_278_TX_3_validation",2,2,2,2,2,2,2,2,2,2,2,2,2,2,2,2,2,2,2,2,2,2,2,2,2,2,2,2
"278","FOODS_3_279_TX_3_validation",0,0,0,0,0,0,0,0,0,0,0,0,0,0,0,0,0,0,0,0,0,0,0,0,0,0,0,0
"279","FOODS_3_280_TX_3_validation",0,0,0,0,0,0,0,0,0,0,1,0,0,1,0,0,0,0,0,0,0,0,0,0,0,0,0,0
"280","FOODS_3_281_TX_3_validation",4,4,4,4,4,5,4,4,4,4,3,4,4,5,4,4,4,4,4,4,4,4,4,4,4,4,4,4
"281","FOODS_3_282_TX_3_validation",12,12,12,12,12,11,13,12,12,12,12,12,12,12,12,12,12,12,12,12,12,12,12,12,12,12,12,12
"282","FOODS_3_283_TX_3_validation",1,1,1,1,0,1,0,0,0,0,1,0,0,0,0,1,0,0,0,0,0,1,0,0,1,0,1,1
"283","FOODS_3_284_TX_3_validation",0,0,0,0,0,0,0,0,0,0,0,0,0,0,0,0,0,0,0,0,0,0,0,0,0,0,0,0
"284","FOODS_3_285_TX_3_validation",1,1,1,1,1,1,2,1,1,1,0,1,1,2,1,1,1,1,1,1,1,1,1,1,1,1,1,1
"285","FOODS_3_286_TX_3_validation",1,1,1,1,1,1,1,1,1,1,0,1,1,1,1,1,1,1,1,1,1,1,1,1,1,1,1,1
"286","FOODS_3_287_TX_3_validation",1,1,1,1,1,0,0,1,1,1,1,1,1,1,1,1,1,1,1,1,1,1,1,1,1,1,1,1
"287","FOODS_3_288_TX_3_validation",5,5,5,5,5,4,5,5,5,5,3,5,5,2,5,5,5,5,5,5,5,5,5,5,5,4,4,4
"288","FOODS_3_289_TX_3_validation",0,0,0,0,0,0,1,0,0,0,0,0,0,0,0,0,0,0,0,0,0,0,0,0,0,0,0,0
"289","FOODS_3_290_TX_3_validation",2,2,2,2,2,1,2,2,2,2,1,2,2,2,2,2,2,2,2,2,2,2,2,2,2,2,2,2
"290","FOODS_3_291_TX_3_validation",2,2,2,2,2,2,2,2,2,2,2,2,2,1,2,2,2,2,2,2,2,2,2,2,2,2,2,2
"291","FOODS_3_292_TX_3_validation",3,3,3,3,3,4,2,3,3,3,3,3,3,3,3,3,3,3,3,3,3,3,3,3,3,3,3,3
"292","FOODS_3_293_TX_3_validation",0,0,0,0,0,0,0,0,0,0,0,0,0,0,0,0,0,0,0,0,0,0,0,0,0,0,0,0
"293","FOODS_3_294_TX_3_validation",0,0,0,0,0,1,0,0,0,0,3,0,0,0,0,0,0,0,0,0,0,0,0,0,0,0,0,0
"294","FOODS_3_295_TX_3_validation",7,7,7,7,7,3,8,7,7,7,7,6,7,7,7,7,6,6,6,7,7,7,7,7,7,7,7,6
"295","FOODS_3_296_TX_3_validation",1,1,1,1,1,1,1,1,1,1,1,1,1,1,1,1,1,1,1,1,1,1,1,1,1,1,1,1
"296","FOODS_3_297_TX_3_validation",0,0,0,0,0,0,0,0,0,0,0,0,0,0,0,0,0,0,0,0,0,0,0,0,0,0,0,0
"297","FOODS_3_298_TX_3_validation",0,0,0,0,0,0,1,0,0,0,0,0,0,1,0,0,0,0,0,0,0,0,0,0,0,0,0,0
"298","FOODS_3_299_TX_3_validation",1,1,1,1,1,2,1,1,1,1,1,1,1,1,1,1,1,1,1,1,1,1,1,1,1,1,1,1
"299","FOODS_3_300_TX_3_validation",3,3,3,3,3,1,3,3,3,3,3,3,3,2,3,3,3,3,3,3,3,3,3,3,3,3,3,3
"300","FOODS_3_301_TX_3_validation",1,1,1,1,1,0,1,1,1,1,1,1,1,2,1,1,1,1,1,1,1,1,1,1,1,1,1,1
"301","FOODS_3_302_TX_3_validation",3,3,3,3,3,4,3,3,3,3,2,3,3,3,3,3,3,3,3,3,3,3,3,3,3,3,3,3
"302","FOODS_3_303_TX_3_validation",0,0,0,0,0,0,0,0,0,0,0,0,0,0,0,0,0,0,0,0,0,0,0,0,0,0,0,0
"303","FOODS_3_304_TX_3_validation",2,2,2,2,2,2,2,2,2,2,3,2,2,1,2,2,2,2,2,2,2,2,2,2,2,2,2,2
"304","FOODS_3_305_TX_3_validation",0,0,0,0,0,0,0,0,0,0,0,0,0,-1,0,0,0,0,0,0,0,0,0,0,0,0,0,0
"305","FOODS_3_306_TX_3_validation",2,2,2,2,2,2,2,2,2,2,1,2,2,1,2,2,2,2,2,2,2,2,2,2,2,2,2,2
"306","FOODS_3_307_TX_3_validation",1,1,1,1,1,1,0,1,1,1,3,1,1,1,1,1,1,1,1,1,1,1,1,1,1,1,1,1
"307","FOODS_3_308_TX_3_validation",2,2,2,2,2,3,3,2,2,2,1,2,2,1,2,2,2,2,2,2,2,2,2,2,2,2,2,2
"308","FOODS_3_309_TX_3_validation",0,0,0,0,0,0,0,0,0,0,0,0,0,0,0,0,0,0,0,0,0,0,0,0,0,0,0,0
"309","FOODS_3_310_TX_3_validation",1,1,1,1,1,1,2,1,1,1,0,1,1,0,1,1,1,1,1,1,1,1,1,1,1,1,1,1
"310","FOODS_3_311_TX_3_validation",1,1,1,1,1,1,1,1,1,1,1,1,1,1,1,1,1,1,1,1,1,1,1,1,1,1,1,1
"311","FOODS_3_312_TX_3_validation",0,0,0,0,0,0,0,0,0,0,0,0,0,0,0,0,0,0,0,0,0,0,0,0,0,0,0,0
"312","FOODS_3_313_TX_3_validation",11,11,11,11,11,9,8,11,11,11,7,11,11,8,11,11,11,11,11,11,11,11,11,11,11,11,11,11
"313","FOODS_3_314_TX_3_validation",0,0,0,0,0,0,0,0,0,0,-1,0,0,-1,0,0,0,0,0,0,0,0,0,0,0,0,0,0
"314","FOODS_3_315_TX_3_validation",0,0,0,0,0,1,1,0,0,0,0,0,0,1,0,0,0,0,0,0,0,0,0,0,0,0,0,0
"315","FOODS_3_316_TX_3_validation",0,0,0,0,0,0,0,0,0,0,0,0,0,0,0,0,0,0,0,0,0,0,0,0,0,0,0,0
"316","FOODS_3_317_TX_3_validation",1,1,1,1,1,1,1,1,1,1,1,1,1,1,1,1,1,1,1,1,1,1,1,1,1,1,1,1
"317","FOODS_3_318_TX_3_validation",5,5,5,5,5,3,1,5,5,5,5,5,5,3,5,5,5,5,5,5,5,5,5,5,5,5,5,5
"318","FOODS_3_319_TX_3_validation",1,2,1,1,1,-5,-5,1,2,1,-3,2,1,0,1,1,1,1,1,2,1,1,1,1,1,1,1,2
"319","FOODS_3_320_TX_3_validation",0,0,0,0,0,0,2,0,0,0,1,0,0,1,0,0,0,0,0,0,0,0,0,0,0,0,0,0
"320","FOODS_3_321_TX_3_validation",6,6,6,6,6,7,6,6,6,6,4,6,6,7,6,6,6,6,6,6,6,6,6,6,6,6,6,6
"321","FOODS_3_322_TX_3_validation",1,1,1,1,1,2,0,1,1,1,0,1,1,0,1,1,1,1,1,1,1,1,1,1,1,1,1,1
"322","FOODS_3_323_TX_3_validation",1,1,1,1,1,1,1,1,1,1,0,1,1,1,1,1,1,1,1,1,1,1,1,1,1,1,1,1
"323","FOODS_3_324_TX_3_validation",2,2,2,2,2,2,1,2,2,2,2,2,2,1,2,2,2,2,2,2,2,2,2,2,2,2,2,2
"324","FOODS_3_325_TX_3_validation",0,0,0,0,0,0,0,0,0,0,0,0,0,0,0,0,0,0,0,0,0,0,0,0,0,0,0,0
"325","FOODS_3_326_TX_3_validation",0,0,0,0,0,1,1,0,0,0,1,0,0,0,0,0,0,0,0,0,0,0,0,0,0,0,0,0
"326","FOODS_3_327_TX_3_validation",2,2,2,2,2,3,4,2,2,2,1,2,2,3,2,2,2,2,2,2,2,2,2,2,2,2,2,2
"327","FOODS_3_328_TX_3_validation",0,0,0,0,0,0,0,0,0,0,0,0,0,0,0,0,0,0,0,0,0,0,0,0,0,0,0,0
"328","FOODS_3_329_TX_3_validation",7,7,7,7,7,8,6,7,7,7,8,8,7,7,8,8,8,8,8,7,7,8,8,8,8,8,8,8
"329","FOODS_3_330_TX_3_validation",1,1,1,1,1,1,1,1,1,1,1,1,1,1,1,1,1,1,1,1,1,1,1,1,1,1,1,1
"330","FOODS_3_331_TX_3_validation",1,1,1,1,2,1,1,1,1,1,2,1,1,1,1,1,1,1,1,2,1,2,2,1,1,2,2,2
"331","FOODS_3_332_TX_3_validation",1,1,1,1,1,0,1,1,1,1,-1,1,1,0,1,1,1,1,1,1,1,1,1,1,1,1,1,1
"332","FOODS_3_333_TX_3_validation",3,3,3,3,3,2,7,3,3,3,1,3,3,3,3,3,3,3,3,3,3,3,3,3,3,3,3,3
"333","FOODS_3_334_TX_3_validation",1,1,1,1,1,0,0,1,1,1,0,1,1,0,1,1,1,1,1,1,1,1,1,1,1,1,1,1
"334","FOODS_3_335_TX_3_validation",0,0,0,0,0,0,2,0,0,0,0,0,0,2,0,0,0,0,0,0,0,0,0,0,0,0,0,0
"335","FOODS_3_336_TX_3_validation",0,0,0,0,0,1,0,0,0,0,0,0,0,0,0,0,0,0,0,0,0,0,0,0,0,0,0,0
"336","FOODS_3_337_TX_3_validation",0,0,0,0,0,0,0,0,0,0,0,0,0,0,0,0,0,0,0,0,0,0,0,0,0,0,0,0
"337","FOODS_3_338_TX_3_validation",0,0,0,0,0,1,0,0,0,0,0,0,0,0,0,0,0,0,0,0,0,0,0,0,0,0,0,0
"338","FOODS_3_339_TX_3_validation",1,1,1,1,1,1,2,1,1,1,0,1,1,0,1,1,1,1,1,1,1,1,1,1,1,1,1,1
"339","FOODS_3_340_TX_3_validation",1,1,1,1,1,1,2,1,1,1,1,1,1,1,1,1,1,1,1,1,1,1,1,1,1,1,1,1
"340","FOODS_3_341_TX_3_validation",0,0,0,0,0,1,0,0,0,0,1,0,0,0,0,0,0,0,0,0,0,0,0,0,0,0,0,0
"341","FOODS_3_342_TX_3_validation",3,3,3,3,3,3,6,3,3,3,5,3,3,5,3,3,3,3,3,3,3,3,3,3,3,3,3,3
"342","FOODS_3_343_TX_3_validation",0,0,0,0,0,0,0,0,0,0,0,0,0,0,0,0,0,0,0,0,0,0,0,0,0,0,0,0
"343","FOODS_3_344_TX_3_validation",1,1,1,1,1,1,2,1,1,1,2,1,1,1,1,1,1,1,1,1,1,1,1,1,1,1,1,1
"344","FOODS_3_345_TX_3_validation",0,0,0,0,0,0,0,0,0,0,0,0,0,0,0,0,0,0,0,0,0,0,0,0,0,0,0,0
"345","FOODS_3_346_TX_3_validation",3,3,3,3,3,3,6,3,3,3,4,3,3,1,3,3,3,3,3,3,3,3,3,3,3,3,3,3
"346","FOODS_3_347_TX_3_validation",3,3,3,3,3,4,1,3,3,3,5,3,3,4,3,3,3,3,3,3,3,3,3,3,3,3,3,3
"347","FOODS_3_348_TX_3_validation",4,4,4,4,4,2,7,4,4,4,6,4,4,2,4,4,4,4,4,4,4,4,4,4,4,4,4,4
"348","FOODS_3_349_TX_3_validation",5,5,5,5,5,6,4,5,5,5,4,5,5,7,5,5,5,5,5,5,5,5,5,5,5,5,5,5
"349","FOODS_3_350_TX_3_validation",0,0,0,0,0,0,0,0,0,0,0,0,0,0,0,0,0,0,0,0,0,0,0,0,0,0,0,0
"350","FOODS_3_351_TX_3_validation",1,1,1,1,1,1,1,1,1,1,1,1,1,5,1,1,1,1,1,1,1,1,1,1,1,1,1,1
"351","FOODS_3_352_TX_3_validation",0,0,0,0,0,0,0,0,0,0,0,0,0,0,0,0,0,0,0,0,0,0,0,0,0,0,0,0
"352","FOODS_3_353_TX_3_validation",0,0,0,0,0,1,1,0,0,0,1,0,0,1,0,0,0,0,0,0,0,0,0,0,0,0,0,0
"353","FOODS_3_354_TX_3_validation",0,0,0,0,0,1,0,0,0,0,0,0,0,0,0,0,0,0,0,0,0,0,0,0,0,0,0,0
"354","FOODS_3_355_TX_3_validation",1,1,1,1,1,1,0,1,1,1,0,1,1,1,1,1,1,1,1,1,1,1,1,1,1,1,1,1
"355","FOODS_3_356_TX_3_validation",1,1,1,1,1,1,1,1,1,1,1,1,1,1,1,1,1,1,1,1,1,1,1,1,1,1,1,1
"356","FOODS_3_357_TX_3_validation",0,0,1,0,0,0,1,0,0,0,0,0,0,1,0,0,0,0,1,0,0,1,0,0,0,0,0,0
"357","FOODS_3_358_TX_3_validation",0,0,0,0,0,0,0,0,0,0,0,0,0,0,0,0,0,0,0,0,0,0,0,0,0,0,0,0
"358","FOODS_3_359_TX_3_validation",0,0,0,0,0,0,0,0,0,0,0,0,0,0,0,0,0,0,0,0,0,0,0,0,0,0,0,0
"359","FOODS_3_360_TX_3_validation",1,1,1,1,1,0,0,1,1,1,1,1,1,0,1,1,1,1,1,1,1,1,1,1,1,1,1,1
"360","FOODS_3_361_TX_3_validation",1,1,1,1,1,1,2,1,1,1,1,1,1,1,1,1,1,1,1,1,1,1,1,1,1,1,1,1
"361","FOODS_3_362_TX_3_validation",5,5,5,5,5,5,0,5,5,5,0,5,5,-1,5,5,5,5,5,5,5,5,5,5,5,5,5,5
"362","FOODS_3_363_TX_3_validation",2,2,2,2,2,0,0,2,2,2,1,2,2,0,2,2,2,2,2,2,2,2,2,2,2,2,2,2
"363","FOODS_3_364_TX_3_validation",0,0,0,0,0,0,1,0,0,0,0,0,0,0,0,0,0,0,0,0,0,0,0,0,0,0,0,0
"364","FOODS_3_365_TX_3_validation",0,0,0,0,0,0,0,0,0,0,0,0,0,0,0,0,0,0,0,0,0,0,0,0,0,0,0,0
"365","FOODS_3_366_TX_3_validation",0,0,0,0,0,1,0,0,0,0,0,0,0,1,0,0,0,0,0,0,0,0,0,0,0,0,0,0
"366","FOODS_3_367_TX_3_validation",2,2,2,2,2,1,2,2,2,2,1,2,2,1,2,2,2,2,2,2,2,2,2,2,2,2,2,2
"367","FOODS_3_368_TX_3_validation",2,2,2,2,2,2,3,2,2,2,4,2,2,6,2,2,2,2,2,2,2,2,2,2,2,2,2,2
"368","FOODS_3_369_TX_3_validation",1,1,1,1,1,1,2,1,1,1,0,1,1,2,1,1,1,1,1,1,1,1,1,1,1,1,1,1
"369","FOODS_3_370_TX_3_validation",11,11,11,11,11,12,15,11,11,11,12,11,11,11,11,11,11,11,11,11,11,11,11,11,11,11,11,11
"370","FOODS_3_371_TX_3_validation",1,1,1,1,1,1,1,1,1,1,1,1,1,1,1,1,1,1,1,1,1,1,1,1,1,1,1,1
"371","FOODS_3_372_TX_3_validation",5,5,5,5,5,5,4,5,5,5,5,5,5,4,5,5,5,5,5,5,5,5,5,5,5,5,5,5
"372","FOODS_3_373_TX_3_validation",0,0,0,0,0,0,0,0,0,0,0,0,0,0,0,0,0,0,0,0,0,0,0,0,0,0,0,0
"373","FOODS_3_374_TX_3_validation",0,0,0,0,0,0,0,0,0,0,1,0,0,0,0,0,0,0,0,0,0,0,0,0,0,0,0,0
"374","FOODS_3_375_TX_3_validation",0,0,0,0,0,1,0,0,0,0,0,0,0,0,0,0,0,0,0,0,0,0,0,0,0,0,0,0
"375","FOODS_3_376_TX_3_validation",14,14,14,14,14,14,14,14,14,14,10,14,14,23,14,14,14,14,14,14,14,14,14,14,14,14,14,14
"376","FOODS_3_377_TX_3_validation",43,43,43,43,43,43,51,43,43,43,38,43,43,45,43,43,43,43,43,43,43,43,43,43,43,43,43,43
"377","FOODS_3_378_TX_3_validation",1,1,1,1,1,1,1,1,1,1,1,1,1,1,1,1,1,1,1,1,1,1,1,1,1,1,1,1
"378","FOODS_3_379_TX_3_validation",0,0,0,0,0,0,0,0,0,0,0,0,0,0,0,0,0,0,0,0,0,0,0,0,0,0,0,0
"379","FOODS_3_380_TX_3_validation",0,0,0,0,0,0,0,0,0,0,0,0,0,0,0,0,0,0,0,0,0,0,0,0,0,0,0,0
"380","FOODS_3_381_TX_3_validation",1,1,1,1,1,1,3,1,1,1,2,1,1,1,1,1,1,1,1,1,1,1,1,1,1,1,1,1
"381","FOODS_3_382_TX_3_validation",2,2,2,2,2,1,2,2,2,2,2,2,2,2,2,2,2,2,2,2,2,2,2,2,2,2,2,2
"382","FOODS_3_383_TX_3_validation",1,1,1,1,1,0,2,1,1,1,0,1,1,4,1,1,1,1,1,1,1,1,1,1,1,1,1,1
"383","FOODS_3_384_TX_3_validation",0,0,0,0,0,0,1,0,0,0,1,0,0,1,0,0,0,0,0,0,0,0,0,0,0,0,0,0
"384","FOODS_3_385_TX_3_validation",1,1,1,0,0,0,0,1,1,1,0,1,1,0,1,1,1,1,1,1,1,1,1,1,1,1,1,1
"385","FOODS_3_386_TX_3_validation",0,0,0,0,0,0,0,0,0,0,0,0,0,0,0,0,0,0,0,0,0,0,0,0,0,0,0,0
"386","FOODS_3_387_TX_3_validation",0,0,0,0,0,0,1,0,0,0,2,0,1,0,0,0,0,0,0,0,1,0,0,1,0,0,0,0
"387","FOODS_3_388_TX_3_validation",1,1,1,1,1,1,1,1,1,1,1,1,1,1,1,1,1,1,1,1,1,1,1,1,1,1,1,1
"388","FOODS_3_389_TX_3_validation",12,12,12,12,12,12,11,11,12,11,11,12,12,12,11,12,11,11,12,11,11,12,11,12,11,11,12,12
"389","FOODS_3_390_TX_3_validation",1,1,1,1,1,1,2,1,1,1,2,1,1,2,1,1,1,1,1,1,1,1,1,1,1,1,1,1
"390","FOODS_3_391_TX_3_validation",0,0,0,0,0,0,0,0,0,0,0,0,0,1,0,0,0,0,0,0,0,0,0,0,0,0,0,0
"391","FOODS_3_392_TX_3_validation",1,1,1,1,1,0,1,1,0,0,1,0,0,1,1,0,0,1,1,1,1,0,0,1,1,1,0,1
"392","FOODS_3_393_TX_3_validation",4,4,4,4,3,4,4,4,4,4,3,4,4,4,3,4,4,4,4,4,4,4,4,4,4,4,4,3
"393","FOODS_3_394_TX_3_validation",0,0,0,0,0,1,0,0,0,0,1,0,0,1,0,0,0,0,0,0,0,0,0,0,0,0,0,0
"394","FOODS_3_395_TX_3_validation",1,1,1,1,1,2,1,1,1,1,1,1,1,0,1,1,1,1,1,1,1,1,1,1,1,1,1,1
"395","FOODS_3_396_TX_3_validation",0,0,0,0,0,0,0,0,0,0,0,0,0,0,0,0,0,0,0,0,0,0,0,0,0,0,0,0
"396","FOODS_3_397_TX_3_validation",0,0,0,0,0,1,0,0,0,0,0,0,0,0,0,0,0,0,0,0,0,0,0,0,0,0,0,0
"397","FOODS_3_398_TX_3_validation",0,0,0,0,0,1,0,0,0,0,0,0,0,1,0,0,0,0,0,0,0,0,0,0,0,0,0,0
"398","FOODS_3_399_TX_3_validation",6,5,6,6,6,7,7,6,6,6,7,6,6,6,6,5,6,6,6,6,6,6,6,6,6,6,6,6
"399","FOODS_3_400_TX_3_validation",1,1,1,1,1,0,0,1,1,1,0,1,1,0,1,1,1,1,1,1,1,1,1,1,1,1,1,1
"400","FOODS_3_401_TX_3_validation",0,0,0,0,0,1,1,0,0,0,0,0,0,1,0,0,0,0,0,0,0,0,0,0,0,0,0,0
"401","FOODS_3_402_TX_3_validation",0,0,0,0,0,0,0,0,0,0,1,0,0,0,0,0,0,0,0,0,0,0,0,0,0,0,0,0
"402","FOODS_3_403_TX_3_validation",2,2,2,2,2,1,2,2,2,2,2,2,2,2,2,2,2,2,2,2,2,2,2,2,2,2,2,2
"403","FOODS_3_404_TX_3_validation",13,13,13,13,13,14,13,13,13,13,18,13,13,12,13,13,13,13,13,13,13,13,13,13,13,13,13,13
"404","FOODS_3_405_TX_3_validation",0,0,0,0,0,0,0,0,0,0,0,0,0,1,0,0,0,0,0,0,0,0,0,0,0,0,0,0
"405","FOODS_3_406_TX_3_validation",3,4,4,4,4,1,5,4,3,3,2,3,4,5,3,3,3,4,3,3,3,3,3,4,3,3,3,3
"406","FOODS_3_407_TX_3_validation",2,2,2,2,2,1,3,2,2,2,2,2,2,2,2,2,2,2,2,2,2,2,2,2,2,2,2,2
"407","FOODS_3_408_TX_3_validation",0,0,0,0,0,0,0,0,0,0,0,0,0,0,0,0,0,0,0,0,0,0,0,0,0,0,0,0
"408","FOODS_3_409_TX_3_validation",0,0,0,0,0,1,0,0,0,0,0,0,0,1,0,0,0,0,0,0,0,0,0,0,0,0,0,0
"409","FOODS_3_410_TX_3_validation",0,0,0,0,0,0,-1,0,0,0,-1,0,0,-1,0,0,0,0,0,0,0,0,0,0,0,0,0,0
"410","FOODS_3_411_TX_3_validation",0,0,0,0,0,0,0,0,0,0,0,0,0,0,0,0,0,0,0,0,0,0,0,0,0,0,0,0
"411","FOODS_3_412_TX_3_validation",5,5,5,5,5,11,6,5,5,5,2,5,5,9,5,5,5,5,5,5,5,5,5,5,5,5,5,5
"412","FOODS_3_413_TX_3_validation",2,2,3,2,3,0,0,2,2,2,2,3,2,2,2,2,2,2,3,2,2,2,3,2,2,2,2,2
"413","FOODS_3_414_TX_3_validation",0,0,0,0,0,1,0,0,0,0,0,0,0,0,0,0,0,0,0,0,0,0,0,0,0,0,0,0
"414","FOODS_3_415_TX_3_validation",1,1,1,1,1,0,0,1,1,1,0,1,1,0,1,1,1,1,1,1,1,1,1,1,1,1,1,1
"415","FOODS_3_416_TX_3_validation",1,1,1,1,1,1,1,1,1,1,1,1,1,1,1,1,1,1,1,1,1,1,1,1,1,1,1,1
"416","FOODS_3_417_TX_3_validation",1,1,1,1,1,0,0,1,1,1,0,1,1,1,1,1,1,1,1,1,1,1,1,1,1,1,1,1
"417","FOODS_3_418_TX_3_validation",2,1,1,1,1,1,1,1,1,1,1,1,1,0,1,1,1,1,1,1,1,1,1,1,1,1,1,1
"418","FOODS_3_419_TX_3_validation",1,1,1,1,1,1,2,1,1,1,1,1,1,1,1,1,1,1,1,1,1,1,1,1,1,1,1,1
"419","FOODS_3_420_TX_3_validation",0,0,0,0,0,0,0,0,0,0,0,0,0,0,0,0,0,0,0,0,0,0,0,0,0,0,0,0
"420","FOODS_3_421_TX_3_validation",0,0,0,0,0,0,0,0,0,0,0,0,0,0,0,0,0,0,0,0,0,0,0,0,0,0,0,0
"421","FOODS_3_422_TX_3_validation",2,2,2,2,2,1,2,2,2,2,3,2,2,1,2,2,2,2,2,2,2,2,2,2,2,2,2,2
"422","FOODS_3_423_TX_3_validation",2,2,2,2,2,2,2,2,2,2,2,2,2,2,2,2,2,2,2,2,2,2,2,2,2,2,2,2
"423","FOODS_3_424_TX_3_validation",1,1,1,1,1,1,1,1,1,1,1,1,1,1,1,1,1,1,1,1,1,1,1,1,1,1,1,1
"424","FOODS_3_425_TX_3_validation",0,0,0,0,0,0,0,0,0,0,0,0,0,1,0,0,0,0,0,0,0,0,0,0,0,0,0,0
"425","FOODS_3_426_TX_3_validation",0,0,0,0,0,0,0,0,0,0,0,0,0,0,0,0,0,0,0,0,0,0,0,0,0,0,0,0
"426","FOODS_3_427_TX_3_validation",0,0,0,0,0,0,1,0,0,0,0,0,0,1,0,0,0,0,0,0,0,0,0,0,0,0,0,0
"427","FOODS_3_428_TX_3_validation",0,0,0,0,0,1,1,0,0,0,0,0,0,1,0,0,0,0,0,0,0,0,0,0,0,0,0,0
"428","FOODS_3_429_TX_3_validation",1,1,1,1,1,2,1,1,1,1,0,1,1,1,1,1,1,1,1,1,1,1,1,1,1,1,1,1
"429","FOODS_3_430_TX_3_validation",0,0,0,0,0,0,0,0,0,0,0,0,0,0,0,0,0,0,0,0,0,0,0,0,0,0,0,0
"430","FOODS_3_431_TX_3_validation",1,1,1,1,1,1,1,1,1,1,1,1,1,2,1,1,1,1,1,1,1,1,1,1,1,1,1,1
"431","FOODS_3_432_TX_3_validation",2,2,2,2,2,4,2,2,2,2,5,2,2,7,2,2,2,2,2,2,2,2,2,2,2,2,2,2
"432","FOODS_3_433_TX_3_validation",1,1,1,1,1,1,1,1,1,1,2,1,1,1,1,1,1,1,1,1,1,1,1,1,1,1,1,1
"433","FOODS_3_434_TX_3_validation",1,1,1,1,1,1,1,1,1,1,0,1,1,1,1,1,1,1,1,1,1,1,1,1,1,1,1,1
"434","FOODS_3_435_TX_3_validation",1,1,1,1,1,1,2,1,1,1,0,1,1,1,1,1,1,1,1,1,1,1,1,1,1,1,1,1
"435","FOODS_3_436_TX_3_validation",0,0,0,0,0,0,0,0,0,0,0,0,0,0,0,0,0,0,0,0,0,0,0,0,0,0,0,0
"436","FOODS_3_437_TX_3_validation",2,2,2,2,2,1,1,2,2,2,3,2,2,2,2,2,2,2,2,2,2,2,2,2,2,2,2,2
"437","FOODS_3_438_TX_3_validation",2,2,2,2,2,2,2,2,2,2,1,2,2,2,2,2,2,2,2,2,2,2,2,2,2,2,2,2
"438","FOODS_3_439_TX_3_validation",2,2,2,2,2,1,1,2,2,2,1,2,2,2,2,2,2,2,2,2,2,2,2,2,2,2,2,2
"439","FOODS_3_440_TX_3_validation",0,0,0,0,0,0,0,0,0,0,0,0,0,0,0,0,0,0,0,0,0,0,0,0,0,0,0,0
"440","FOODS_3_441_TX_3_validation",-1,-1,-1,-1,0,4,9,-1,-1,-1,7,-1,-1,4,-1,-1,-1,-1,-1,-1,-1,-1,-1,-1,-1,-1,-1,-1
"441","FOODS_3_442_TX_3_validation",0,0,0,0,0,0,1,0,0,0,0,0,0,1,0,0,0,0,0,0,0,0,0,0,0,0,0,0
"442","FOODS_3_443_TX_3_validation",0,0,0,0,0,0,0,0,0,0,0,0,0,0,0,0,0,0,0,0,0,0,0,0,0,0,0,0
"443","FOODS_3_444_TX_3_validation",0,-1,0,-1,-1,8,12,-1,-1,-1,9,-1,-1,5,-1,-1,-1,-1,-1,-1,-1,-1,-1,-1,-1,-2,-1,-1
"444","FOODS_3_445_TX_3_validation",0,0,0,0,0,0,0,0,0,0,0,0,0,0,0,0,0,0,0,0,0,0,0,0,1,0,0,0
"445","FOODS_3_446_TX_3_validation",2,2,2,2,2,0,3,2,2,2,2,2,2,0,2,2,2,2,2,2,2,2,2,2,2,2,2,2
"446","FOODS_3_447_TX_3_validation",0,0,0,0,0,1,2,0,0,0,0,0,0,0,0,0,0,0,0,0,0,0,0,0,0,0,0,0
"447","FOODS_3_448_TX_3_validation",1,1,1,1,1,1,2,1,1,1,1,1,1,1,1,1,1,1,1,1,1,1,1,1,1,1,1,1
"448","FOODS_3_449_TX_3_validation",3,3,3,3,3,1,3,3,3,3,3,3,3,4,3,3,3,3,3,3,3,3,3,3,3,3,3,3
"449","FOODS_3_450_TX_3_validation",1,1,1,1,1,1,1,1,1,1,1,1,1,0,1,1,1,1,1,1,1,1,1,1,1,1,1,1
"450","FOODS_3_451_TX_3_validation",2,2,2,2,2,2,2,2,2,2,2,2,2,2,2,2,2,2,2,2,2,2,2,2,2,2,2,2
"451","FOODS_3_452_TX_3_validation",0,0,0,0,0,0,0,0,0,0,0,0,0,1,0,0,0,0,0,0,0,0,0,0,0,0,0,0
"452","FOODS_3_453_TX_3_validation",0,0,0,0,0,0,0,0,0,0,0,0,0,0,0,0,0,0,0,0,0,0,0,0,0,0,0,0
"453","FOODS_3_454_TX_3_validation",3,3,3,3,3,3,4,3,3,3,14,3,3,1,3,3,3,3,3,3,3,2,3,3,3,3,3,3
"454","FOODS_3_455_TX_3_validation",10,10,10,10,10,11,13,10,10,10,14,10,10,13,10,10,10,10,10,10,10,10,10,10,10,10,10,10
"455","FOODS_3_456_TX_3_validation",0,0,0,0,0,0,0,0,0,0,0,0,0,0,0,0,0,0,0,0,0,0,0,0,0,0,0,0
"456","FOODS_3_457_TX_3_validation",0,0,0,0,0,0,0,0,0,0,0,0,0,0,0,0,0,0,0,0,0,0,0,0,0,0,0,0
"457","FOODS_3_458_TX_3_validation",9,9,9,9,9,12,14,9,9,9,11,9,9,9,9,9,9,9,9,9,9,9,9,9,9,9,9,9
"458","FOODS_3_459_TX_3_validation",3,3,3,3,3,3,3,3,3,3,2,3,3,3,3,3,3,3,3,3,3,3,3,3,3,3,3,3
"459","FOODS_3_460_TX_3_validation",1,1,1,1,1,1,1,1,1,1,1,2,1,1,2,2,2,1,2,2,1,2,1,2,2,2,1,2
"460","FOODS_3_461_TX_3_validation",1,1,1,1,1,-1,5,1,1,1,1,1,1,1,1,1,1,1,1,1,1,1,1,1,1,1,1,1
"461","FOODS_3_462_TX_3_validation",10,10,10,10,10,9,9,10,10,10,7,10,10,17,10,10,10,10,10,10,10,10,10,10,10,10,10,10
"462","FOODS_3_463_TX_3_validation",0,0,0,0,0,-1,1,0,0,0,-1,0,0,0,0,0,0,0,0,0,0,0,0,0,0,0,0,0
"463","FOODS_3_464_TX_3_validation",1,1,1,1,1,1,1,1,1,1,0,1,1,1,1,1,1,1,1,1,1,1,1,1,1,1,1,1
"464","FOODS_3_465_TX_3_validation",0,0,1,1,0,0,0,1,0,0,0,0,0,0,1,1,0,0,0,0,0,0,0,0,1,1,1,0
"465","FOODS_3_466_TX_3_validation",1,1,1,1,1,1,0,1,1,1,0,1,1,1,1,1,1,1,1,1,1,1,1,1,1,1,1,1
"466","FOODS_3_467_TX_3_validation",1,1,1,1,1,0,1,1,1,1,1,1,1,0,1,1,1,1,1,1,1,1,1,1,1,1,1,1
"467","FOODS_3_468_TX_3_validation",1,1,1,1,1,2,1,1,1,1,1,1,1,-1,1,1,1,1,1,1,1,1,1,1,1,1,1,1
"468","FOODS_3_469_TX_3_validation",2,2,2,2,2,2,3,2,2,2,2,2,2,3,2,2,2,2,2,2,2,2,2,2,2,2,2,2
"469","FOODS_3_470_TX_3_validation",0,0,0,0,0,0,0,0,0,0,0,0,0,1,0,0,0,0,0,0,0,0,0,0,0,0,0,0
"470","FOODS_3_471_TX_3_validation",1,1,1,1,1,1,1,1,1,1,0,1,1,1,1,1,1,1,1,1,1,1,1,1,1,1,1,1
"471","FOODS_3_472_TX_3_validation",0,0,0,0,0,0,0,0,0,0,0,0,0,0,0,0,0,0,0,0,0,0,0,0,0,0,0,0
"472","FOODS_3_473_TX_3_validation",5,5,5,5,5,4,5,5,5,5,6,5,5,5,5,5,5,5,5,5,5,5,5,5,5,5,5,5
"473","FOODS_3_474_TX_3_validation",2,1,1,1,1,1,3,2,2,2,3,2,2,2,1,1,1,1,1,1,1,1,1,1,1,1,1,1
"474","FOODS_3_475_TX_3_validation",2,2,2,2,2,1,4,2,2,2,2,2,2,2,2,2,2,2,2,2,2,2,2,2,2,2,2,2
"475","FOODS_3_476_TX_3_validation",3,2,2,2,2,2,2,2,2,2,3,2,2,4,2,3,3,2,3,2,3,2,2,3,2,3,2,2
"476","FOODS_3_477_TX_3_validation",6,6,6,6,6,6,3,6,6,6,8,6,6,8,6,6,6,6,6,6,6,6,6,6,6,6,6,6
"477","FOODS_3_478_TX_3_validation",1,1,1,1,1,1,1,1,1,1,1,1,1,1,1,1,1,1,1,1,1,1,1,1,1,1,1,1
"478","FOODS_3_479_TX_3_validation",1,2,2,2,2,1,2,2,2,2,2,2,2,2,2,2,2,2,2,2,2,2,2,2,2,2,1,2
"479","FOODS_3_480_TX_3_validation",1,1,1,1,1,0,1,1,1,1,1,1,1,1,1,1,1,1,1,1,1,1,1,1,1,1,1,1
"480","FOODS_3_481_TX_3_validation",0,0,0,0,0,1,0,0,0,0,0,0,0,0,0,0,0,0,0,0,0,0,0,0,0,0,0,0
"481","FOODS_3_482_TX_3_validation",1,1,1,1,1,1,1,1,1,1,1,1,1,1,1,1,1,1,1,1,1,1,1,1,1,1,1,1
"482","FOODS_3_483_TX_3_validation",1,1,1,1,0,1,1,1,0,0,0,0,1,1,1,0,1,0,1,0,0,0,0,0,0,0,1,0
"483","FOODS_3_484_TX_3_validation",0,0,0,0,0,0,1,0,0,0,1,0,0,1,0,0,0,0,0,0,0,0,0,0,0,0,0,0
"484","FOODS_3_485_TX_3_validation",1,1,1,1,1,0,0,1,1,1,1,1,1,0,1,1,1,1,1,1,1,1,1,1,0,1,1,1
"485","FOODS_3_486_TX_3_validation",0,0,0,0,0,0,1,0,0,0,0,0,0,0,0,0,0,0,0,0,0,0,0,0,0,0,0,0
"486","FOODS_3_487_TX_3_validation",3,3,3,3,3,3,3,3,3,3,3,3,3,4,3,3,3,3,3,3,3,3,3,3,3,3,3,3
"487","FOODS_3_488_TX_3_validation",1,1,1,1,1,1,0,1,1,1,2,1,1,1,1,1,1,1,1,1,1,1,1,1,1,1,1,1
"488","FOODS_3_489_TX_3_validation",2,2,2,2,2,3,2,2,2,2,3,2,2,3,2,2,2,2,2,2,2,2,2,2,2,2,2,2
"489","FOODS_3_490_TX_3_validation",0,0,0,0,0,0,2,0,0,0,0,0,0,0,0,0,0,0,0,0,0,0,0,0,0,0,0,0
"490","FOODS_3_491_TX_3_validation",5,5,5,5,5,6,6,5,5,5,5,5,5,7,5,5,5,5,5,5,5,5,5,5,5,5,5,5
"491","FOODS_3_492_TX_3_validation",1,1,1,1,1,0,1,1,1,1,0,1,1,0,1,1,1,1,1,1,1,1,1,1,1,1,1,1
"492","FOODS_3_493_TX_3_validation",0,0,0,0,0,0,0,0,0,0,0,0,0,0,0,0,0,0,0,0,0,0,0,0,0,0,0,0
"493","FOODS_3_494_TX_3_validation",0,0,0,0,0,0,0,0,0,0,0,0,0,0,0,0,0,0,0,0,0,0,0,0,0,0,0,0
"494","FOODS_3_495_TX_3_validation",3,3,3,3,3,2,3,3,3,3,2,3,3,2,3,3,3,3,3,3,3,3,3,3,3,3,3,3
"495","FOODS_3_496_TX_3_validation",2,2,2,2,2,2,1,2,2,2,2,2,2,1,2,2,2,2,2,2,2,2,2,2,2,2,2,2
"496","FOODS_3_497_TX_3_validation",1,1,1,1,1,0,0,1,1,1,0,1,1,0,1,1,1,1,1,1,1,1,1,1,1,1,1,1
"497","FOODS_3_498_TX_3_validation",3,3,3,3,3,5,4,3,3,3,2,3,3,5,2,3,3,3,3,3,3,3,3,3,3,3,3,3
"498","FOODS_3_499_TX_3_validation",13,13,13,13,13,13,15,13,13,13,14,13,13,13,14,13,13,14,13,13,13,13,13,13,14,13,13,13
"499","FOODS_3_500_TX_3_validation",0,0,0,0,0,1,0,0,0,0,0,0,0,0,0,0,0,0,0,0,0,0,0,0,0,0,0,0
"500","FOODS_3_501_TX_3_validation",5,4,5,5,5,1,4,5,4,5,1,5,4,3,4,4,4,5,4,4,5,4,4,4,4,5,5,4
"501","FOODS_3_502_TX_3_validation",1,1,1,1,1,1,2,1,1,1,2,1,1,1,1,1,1,1,1,1,1,1,1,1,1,1,1,1
"502","FOODS_3_503_TX_3_validation",4,4,4,4,4,7,4,4,4,4,5,4,4,4,4,4,4,4,4,4,4,4,4,4,4,4,4,4
"503","FOODS_3_504_TX_3_validation",0,0,0,0,0,0,0,0,0,0,0,0,0,0,0,0,0,0,0,0,0,0,0,0,0,0,0,0
"504","FOODS_3_505_TX_3_validation",2,2,2,2,2,1,1,2,2,2,2,2,2,2,2,2,2,2,2,2,2,2,2,2,2,2,2,2
"505","FOODS_3_506_TX_3_validation",0,0,0,0,0,0,2,0,0,0,0,0,0,1,0,0,0,0,0,0,0,0,0,0,0,0,0,0
"506","FOODS_3_507_TX_3_validation",0,0,0,0,0,0,0,0,0,0,0,0,0,0,0,0,0,0,0,0,0,0,0,0,0,0,0,0
"507","FOODS_3_508_TX_3_validation",2,2,2,2,2,2,2,2,2,2,1,2,2,1,2,2,2,2,2,2,2,2,2,2,2,2,2,2
"508","FOODS_3_509_TX_3_validation",0,0,0,0,0,0,0,0,0,0,0,0,0,0,0,0,0,0,0,0,0,0,0,0,0,0,0,0
"509","FOODS_3_510_TX_3_validation",1,1,1,1,1,1,1,1,1,1,1,1,1,1,1,1,1,1,1,1,1,1,1,1,1,1,1,1
"510","FOODS_3_511_TX_3_validation",5,5,5,5,5,3,1,5,5,5,1,5,5,1,5,5,5,5,5,5,5,5,5,5,5,5,5,5
"511","FOODS_3_512_TX_3_validation",0,0,0,0,0,0,0,0,0,0,0,0,0,0,0,0,0,0,0,0,0,0,0,0,0,0,0,0
"512","FOODS_3_513_TX_3_validation",1,1,1,1,1,1,1,1,1,1,0,1,1,2,1,1,1,1,1,1,1,1,1,1,1,1,1,1
"513","FOODS_3_514_TX_3_validation",1,1,1,1,1,1,0,1,1,1,1,1,1,1,1,1,1,1,1,1,1,1,1,1,1,1,1,1
"514","FOODS_3_515_TX_3_validation",1,1,1,1,1,1,1,1,1,1,1,1,1,1,1,1,1,1,1,1,1,1,1,1,1,1,1,1
"515","FOODS_3_516_TX_3_validation",9,9,9,9,9,6,12,9,9,9,10,9,9,9,9,9,9,9,9,9,9,9,9,9,9,9,9,9
"516","FOODS_3_517_TX_3_validation",0,0,0,0,0,0,0,0,0,0,0,0,0,0,0,0,0,0,0,0,0,0,0,0,0,0,0,0
"517","FOODS_3_518_TX_3_validation",0,0,0,0,0,0,0,0,0,0,0,0,0,0,0,0,0,0,0,0,0,0,0,0,0,0,0,0
"518","FOODS_3_519_TX_3_validation",1,1,1,1,1,1,1,1,1,1,1,1,1,1,1,1,1,1,1,1,1,1,1,1,1,1,1,1
"519","FOODS_3_520_TX_3_validation",1,1,1,1,1,2,1,1,1,1,4,1,1,3,1,1,1,1,1,1,1,1,1,1,1,1,1,1
"520","FOODS_3_521_TX_3_validation",0,0,0,0,0,0,0,0,0,0,1,0,0,0,0,0,0,0,0,0,0,0,0,0,0,0,0,0
"521","FOODS_3_522_TX_3_validation",0,0,0,0,0,0,0,0,0,0,0,0,0,0,0,0,0,0,0,0,0,0,0,0,0,0,0,0
"522","FOODS_3_523_TX_3_validation",3,3,3,3,3,3,4,3,3,3,3,3,3,4,3,3,3,3,3,3,3,3,3,3,3,3,3,3
"523","FOODS_3_524_TX_3_validation",6,6,6,6,6,5,4,6,6,6,4,6,6,5,6,6,6,6,6,6,6,6,6,6,6,6,6,6
"524","FOODS_3_525_TX_3_validation",1,1,1,1,1,1,2,1,1,1,1,1,1,1,1,1,1,1,1,1,1,1,1,1,1,1,1,1
"525","FOODS_3_526_TX_3_validation",4,4,4,4,4,4,7,4,4,4,4,4,4,3,4,4,4,4,4,4,4,4,4,4,4,4,4,4
"526","FOODS_3_527_TX_3_validation",0,0,0,0,0,0,0,0,0,0,0,0,0,0,0,0,0,0,0,0,0,0,0,0,0,0,0,0
"527","FOODS_3_528_TX_3_validation",0,0,0,0,0,0,0,0,0,0,1,0,0,1,0,0,0,0,0,0,0,0,0,0,0,0,0,0
"528","FOODS_3_529_TX_3_validation",1,1,1,1,1,1,1,1,1,1,0,1,1,1,1,1,1,1,1,1,1,1,1,1,1,1,1,1
"529","FOODS_3_530_TX_3_validation",7,7,7,7,7,7,8,7,7,7,7,7,7,8,7,7,7,7,7,7,7,7,7,7,7,7,7,7
"530","FOODS_3_531_TX_3_validation",0,0,0,0,0,0,0,0,0,0,0,0,0,0,0,0,0,0,0,0,0,0,0,0,0,0,0,0
"531","FOODS_3_532_TX_3_validation",2,2,2,2,2,1,2,2,2,2,2,2,2,2,2,2,2,2,2,2,2,2,2,2,2,2,2,2
"532","FOODS_3_533_TX_3_validation",1,1,1,1,1,1,2,1,1,1,2,1,1,1,1,1,1,1,1,1,1,1,1,1,1,1,1,1
"533","FOODS_3_534_TX_3_validation",1,1,1,1,1,1,3,1,1,1,1,1,1,1,1,1,1,1,1,1,1,1,1,1,1,1,1,1
"534","FOODS_3_535_TX_3_validation",0,0,0,0,0,0,0,0,0,0,0,0,0,0,0,0,0,0,0,0,0,0,0,0,0,0,0,0
"535","FOODS_3_536_TX_3_validation",1,1,1,1,1,1,0,1,1,1,1,1,1,1,1,1,1,1,1,1,1,1,1,1,1,1,1,1
"536","FOODS_3_537_TX_3_validation",1,1,1,1,1,1,1,1,1,1,2,1,1,1,1,1,1,1,1,1,1,1,1,1,1,1,1,1
"537","FOODS_3_538_TX_3_validation",1,1,1,1,1,2,1,1,1,1,1,1,1,1,1,1,1,1,1,1,1,1,1,1,1,1,1,1
"538","FOODS_3_539_TX_3_validation",0,0,0,0,0,1,0,0,0,0,0,0,0,0,0,0,0,0,0,0,0,0,0,0,0,0,0,0
"539","FOODS_3_540_TX_3_validation",4,5,4,5,5,6,8,5,5,5,6,5,5,5,5,5,5,5,5,5,5,5,5,5,5,5,5,5
"540","FOODS_3_541_TX_3_validation",4,4,4,4,4,-3,1,4,4,4,-2,4,4,4,4,4,4,4,4,4,4,4,4,4,4,4,4,4
"541","FOODS_3_542_TX_3_validation",0,0,0,0,0,0,0,0,0,0,0,0,0,0,0,0,0,0,0,0,0,0,0,0,0,0,0,0
"542","FOODS_3_543_TX_3_validation",0,0,0,0,0,1,0,0,0,0,1,0,0,0,0,0,0,0,0,0,0,0,0,0,0,0,0,0
"543","FOODS_3_544_TX_3_validation",0,0,0,0,0,0,0,0,0,0,0,0,0,0,0,0,0,0,0,0,0,0,0,0,0,0,0,0
"544","FOODS_3_545_TX_3_validation",2,2,2,3,2,2,2,3,3,3,2,3,3,2,3,3,3,3,3,3,3,3,3,3,3,3,3,3
"545","FOODS_3_546_TX_3_validation",2,2,2,2,2,3,4,2,2,2,2,2,2,4,2,2,2,2,2,2,2,2,2,2,2,2,2,2
"546","FOODS_3_547_TX_3_validation",7,7,8,7,7,3,4,7,8,7,19,8,7,4,7,8,8,8,7,7,7,7,7,7,8,7,7,7
"547","FOODS_3_548_TX_3_validation",0,0,0,0,0,0,0,0,0,0,1,0,0,0,0,0,0,0,0,0,0,0,0,0,0,0,0,0
"548","FOODS_3_549_TX_3_validation",0,0,0,0,0,0,1,0,0,0,4,0,0,0,0,0,0,0,0,0,0,0,0,0,0,0,0,0
"549","FOODS_3_550_TX_3_validation",0,0,0,0,0,0,0,0,0,0,0,0,0,0,0,0,0,0,0,0,0,0,0,0,0,0,0,0
"550","FOODS_3_551_TX_3_validation",1,2,2,2,2,1,2,2,2,2,0,2,1,2,2,2,2,2,2,2,2,2,2,2,2,1,1,2
"551","FOODS_3_552_TX_3_validation",1,1,1,1,1,1,1,1,1,1,1,1,1,2,1,1,1,1,1,1,1,1,1,1,1,1,1,1
"552","FOODS_3_553_TX_3_validation",0,0,0,0,0,0,1,0,0,0,1,0,0,1,0,0,0,0,0,0,0,0,0,0,0,0,0,0
"553","FOODS_3_554_TX_3_validation",0,0,0,0,0,0,0,0,0,0,0,0,0,0,0,0,0,0,0,0,0,0,0,0,0,0,0,0
"554","FOODS_3_555_TX_3_validation",32,32,32,32,32,26,43,32,32,32,18,32,32,44,32,32,32,32,32,32,32,32,32,32,32,32,32,32
"555","FOODS_3_556_TX_3_validation",0,0,0,0,0,0,0,0,0,0,0,0,0,0,0,0,0,0,0,0,0,0,0,0,0,0,0,0
"556","FOODS_3_557_TX_3_validation",2,2,2,2,2,3,2,2,2,2,2,2,2,2,2,2,2,2,2,2,2,2,2,2,2,2,2,3
"557","FOODS_3_558_TX_3_validation",0,0,0,0,0,0,0,0,0,0,0,0,0,0,0,0,0,0,0,0,0,0,0,0,0,0,0,0
"558","FOODS_3_559_TX_3_validation",1,1,1,1,1,1,1,1,1,1,0,1,1,1,1,1,1,1,1,1,1,1,1,1,1,1,1,1
"559","FOODS_3_560_TX_3_validation",1,1,1,1,1,1,1,1,1,1,1,1,1,1,1,1,1,1,1,1,1,1,1,1,1,1,1,1
"560","FOODS_3_561_TX_3_validation",3,3,3,3,3,3,3,3,3,3,3,3,3,3,3,3,3,3,3,3,3,3,3,3,3,3,3,3
"561","FOODS_3_562_TX_3_validation",3,3,3,3,3,2,3,3,3,3,2,3,3,3,3,3,3,2,3,3,3,3,3,3,3,2,2,2
"562","FOODS_3_563_TX_3_validation",1,1,1,1,1,1,1,1,1,1,1,1,1,1,1,1,1,1,1,1,1,1,1,1,1,1,1,1
"563","FOODS_3_564_TX_3_validation",1,1,1,1,1,1,0,1,1,1,0,1,1,0,1,1,1,1,1,1,1,1,1,1,1,1,1,1
"564","FOODS_3_565_TX_3_validation",2,2,2,2,2,3,2,2,2,2,1,2,2,3,2,2,2,2,2,2,2,2,2,2,2,2,2,2
"565","FOODS_3_566_TX_3_validation",1,1,1,1,1,1,1,1,1,1,2,1,1,1,1,1,1,1,1,1,1,1,1,1,1,1,1,1
"566","FOODS_3_567_TX_3_validation",0,0,0,0,0,0,0,0,0,0,0,0,0,0,0,0,0,0,0,0,0,0,0,0,0,0,0,0
"567","FOODS_3_568_TX_3_validation",1,1,1,1,1,1,2,1,1,1,2,1,1,1,1,1,1,1,1,1,1,1,1,1,1,1,1,1
"568","FOODS_3_569_TX_3_validation",1,1,1,1,1,1,1,1,1,1,1,1,1,1,1,1,1,1,1,1,1,1,1,1,1,1,1,1
"569","FOODS_3_570_TX_3_validation",6,6,6,6,6,6,5,6,6,6,6,6,6,5,6,6,6,6,6,6,6,6,6,6,6,6,6,6
"570","FOODS_3_571_TX_3_validation",0,0,0,0,0,0,0,0,0,0,0,0,0,0,0,0,0,0,0,0,0,0,0,0,0,0,0,0
"571","FOODS_3_572_TX_3_validation",6,6,6,6,6,5,8,6,6,6,5,6,6,4,6,6,6,6,6,6,6,6,6,6,6,6,6,6
"572","FOODS_3_573_TX_3_validation",1,1,1,1,1,1,1,1,1,1,1,1,1,1,1,1,1,1,1,1,1,1,1,1,1,1,1,1
"573","FOODS_3_574_TX_3_validation",6,6,6,6,6,8,11,7,7,6,6,6,6,10,6,6,6,6,6,6,6,6,6,6,6,7,6,6
"574","FOODS_3_575_TX_3_validation",1,1,1,1,1,1,1,1,1,1,1,1,1,1,1,1,1,1,1,1,1,1,1,1,1,1,1,1
"575","FOODS_3_576_TX_3_validation",1,1,1,1,1,1,1,1,1,1,0,1,1,0,1,1,1,1,1,1,1,1,1,1,1,1,1,1
"576","FOODS_3_577_TX_3_validation",0,0,0,0,0,1,2,0,0,0,1,0,0,1,0,0,0,0,0,0,0,0,0,0,0,0,0,0
"577","FOODS_3_578_TX_3_validation",2,2,2,2,2,2,3,2,2,2,1,3,2,2,2,2,2,2,2,2,2,2,2,2,2,2,2,2
"578","FOODS_3_579_TX_3_validation",0,0,0,0,0,0,0,0,0,0,0,0,0,0,0,0,0,0,0,0,0,0,0,0,0,0,0,0
"579","FOODS_3_580_TX_3_validation",0,0,0,0,0,-3,12,0,0,0,-3,0,0,-2,0,0,0,0,0,0,0,0,0,0,0,0,0,0
"580","FOODS_3_581_TX_3_validation",0,0,0,0,0,0,0,0,0,0,1,0,0,0,0,0,0,0,0,0,0,0,0,0,0,0,0,0
"581","FOODS_3_582_TX_3_validation",1,1,1,1,1,0,2,1,1,1,1,1,1,1,1,1,1,1,1,1,1,1,1,1,1,1,1,1
"582","FOODS_3_583_TX_3_validation",0,0,0,0,0,1,1,0,0,0,0,0,0,0,0,0,0,0,0,0,0,0,0,0,0,0,0,0
"583","FOODS_3_584_TX_3_validation",1,1,1,1,1,0,1,1,1,1,2,1,1,1,1,1,1,1,1,1,1,1,1,1,1,1,1,1
"584","FOODS_3_585_TX_3_validation",1,2,2,2,2,2,1,2,2,1,2,2,2,1,2,2,2,1,2,2,1,2,2,1,1,1,2,2
"585","FOODS_3_586_TX_3_validation",71,71,71,71,71,59,93,71,71,71,61,71,71,96,71,71,71,71,71,71,71,71,71,71,71,71,71,71
"586","FOODS_3_587_TX_3_validation",32,32,32,32,32,28,37,32,32,32,36,32,32,36,32,32,32,32,32,32,32,32,32,32,31,32,32,32
"587","FOODS_3_588_TX_3_validation",1,1,1,1,1,2,1,1,1,1,2,1,1,1,1,1,1,1,1,1,1,1,1,1,1,1,1,1
"588","FOODS_3_589_TX_3_validation",1,1,1,1,1,2,2,1,1,1,1,1,1,1,1,1,1,1,1,1,1,1,1,1,1,1,1,1
"589","FOODS_3_590_TX_3_validation",1,1,1,1,1,2,5,1,1,1,0,1,1,2,1,1,1,1,1,1,1,1,1,1,1,1,1,1
"590","FOODS_3_591_TX_3_validation",0,0,0,0,0,1,2,0,0,0,0,0,0,0,0,0,0,0,0,0,0,0,0,0,0,0,0,0
"591","FOODS_3_592_TX_3_validation",0,0,0,0,0,0,0,0,0,0,0,0,0,1,0,0,0,0,0,0,0,0,0,0,0,0,0,0
"592","FOODS_3_593_TX_3_validation",1,1,1,1,1,1,0,1,1,1,1,1,1,1,1,1,1,1,1,1,1,1,1,1,1,1,1,1
"593","FOODS_3_594_TX_3_validation",2,2,2,2,2,1,0,2,2,2,2,2,2,7,2,2,2,2,2,2,2,2,2,2,2,2,2,2
"594","FOODS_3_595_TX_3_validation",1,1,1,1,1,1,1,1,1,1,1,1,1,1,1,1,1,1,1,1,1,1,1,1,1,1,1,1
"595","FOODS_3_596_TX_3_validation",2,2,2,2,2,3,4,2,2,2,2,2,2,2,2,2,2,2,2,2,2,2,2,2,2,2,2,2
"596","FOODS_3_597_TX_3_validation",0,0,0,0,0,0,0,0,0,0,0,0,0,0,0,0,0,0,0,0,0,0,0,0,0,0,0,0
"597","FOODS_3_598_TX_3_validation",2,3,2,3,2,2,2,2,3,3,1,2,2,4,2,3,2,2,2,2,2,2,2,3,3,3,2,2
"598","FOODS_3_599_TX_3_validation",1,1,1,1,1,0,1,1,1,1,0,1,1,1,1,1,1,1,1,1,1,1,1,1,1,1,1,1
"599","FOODS_3_600_TX_3_validation",0,0,0,0,0,0,0,0,0,0,0,0,0,0,0,0,0,0,0,0,0,0,0,0,0,0,0,0
"600","FOODS_3_601_TX_3_validation",0,0,0,0,0,0,0,0,0,0,0,0,0,0,0,0,0,0,0,0,0,0,0,0,0,0,0,0
"601","FOODS_3_602_TX_3_validation",1,1,1,1,1,1,2,1,1,1,1,1,1,1,1,1,1,1,1,1,1,1,1,1,1,1,1,1
"602","FOODS_3_603_TX_3_validation",1,1,1,1,1,2,1,1,1,1,1,1,1,1,1,1,1,1,1,1,1,1,1,1,1,1,1,1
"603","FOODS_3_604_TX_3_validation",1,1,1,1,1,1,1,1,1,1,1,1,1,1,1,1,1,1,1,1,1,1,1,1,1,1,1,1
"604","FOODS_3_605_TX_3_validation",1,1,1,1,1,0,2,1,1,1,1,1,1,2,1,1,1,1,1,1,1,1,1,1,1,1,1,1
"605","FOODS_3_606_TX_3_validation",1,1,1,1,1,1,1,1,1,1,1,1,1,1,1,1,1,1,1,1,1,1,1,1,1,1,1,1
"606","FOODS_3_607_TX_3_validation",9,9,9,9,9,6,10,9,9,9,4,8,9,20,8,8,8,8,8,9,8,8,8,8,8,8,8,8
"607","FOODS_3_608_TX_3_validation",1,1,1,1,1,1,1,1,1,1,1,1,1,1,1,1,1,1,1,1,1,1,1,1,1,1,1,1
"608","FOODS_3_609_TX_3_validation",2,2,2,2,2,1,2,2,2,2,2,2,2,1,2,2,2,2,2,2,2,2,2,2,2,2,2,2
"609","FOODS_3_610_TX_3_validation",1,1,1,1,1,1,1,1,1,1,1,1,1,1,1,1,1,1,1,1,1,1,1,1,1,1,1,1
"610","FOODS_3_611_TX_3_validation",3,3,3,3,3,3,3,3,3,3,2,3,3,3,3,3,3,3,3,3,3,3,3,3,3,3,3,3
"611","FOODS_3_612_TX_3_validation",0,0,0,0,0,0,0,0,0,0,1,0,0,1,0,0,0,0,0,0,0,0,0,0,0,0,0,0
"612","FOODS_3_613_TX_3_validation",0,0,0,0,0,0,0,0,0,0,0,0,0,0,0,0,0,0,0,0,0,0,0,0,0,0,0,0
"613","FOODS_3_614_TX_3_validation",2,2,2,2,2,1,1,2,2,2,1,2,2,1,2,2,2,2,2,2,2,2,2,2,2,2,2,2
"614","FOODS_3_615_TX_3_validation",0,0,0,0,0,0,0,0,0,0,0,0,0,0,0,0,0,0,0,0,0,0,0,0,0,0,0,0
"615","FOODS_3_616_TX_3_validation",3,3,3,3,3,5,3,3,3,3,3,3,3,3,3,3,3,3,3,3,3,3,3,3,3,3,3,3
"616","FOODS_3_617_TX_3_validation",2,2,2,2,2,1,2,2,2,2,1,2,2,1,2,1,2,2,2,2,2,2,2,2,2,2,2,2
"617","FOODS_3_618_TX_3_validation",1,1,1,1,1,1,1,1,1,1,1,1,1,1,1,1,1,1,1,1,1,1,1,1,1,1,1,1
"618","FOODS_3_619_TX_3_validation",0,0,0,0,0,0,0,0,0,0,1,0,0,0,0,0,0,0,0,0,0,0,0,0,0,0,0,0
"619","FOODS_3_620_TX_3_validation",1,1,1,1,1,1,1,1,1,1,1,1,1,1,1,1,1,1,1,1,1,1,1,1,1,1,1,1
"620","FOODS_3_621_TX_3_validation",1,1,1,1,1,1,1,1,1,1,1,1,1,1,1,1,1,1,1,1,1,1,1,1,1,1,1,1
"621","FOODS_3_622_TX_3_validation",0,0,0,0,0,0,0,0,0,0,0,0,0,0,0,0,0,0,0,0,0,0,0,0,0,0,0,0
"622","FOODS_3_623_TX_3_validation",0,0,0,0,0,0,0,0,0,0,0,0,0,0,0,0,0,0,0,0,0,0,0,0,0,0,0,0
"623","FOODS_3_624_TX_3_validation",1,1,1,1,1,1,3,1,1,1,1,1,1,1,1,1,1,1,1,1,1,1,1,1,1,1,1,1
"624","FOODS_3_625_TX_3_validation",0,0,0,0,0,0,0,0,0,0,0,0,0,0,0,0,0,0,0,0,0,0,0,0,0,0,0,0
"625","FOODS_3_626_TX_3_validation",0,0,0,0,0,0,0,0,0,0,0,0,0,0,0,0,0,0,0,0,0,0,0,0,0,0,0,0
"626","FOODS_3_627_TX_3_validation",0,0,0,0,0,0,0,0,0,0,0,0,0,1,0,0,0,0,0,0,0,0,0,0,0,0,0,0
"627","FOODS_3_628_TX_3_validation",3,3,3,3,3,2,2,3,3,3,4,3,3,5,3,3,3,3,3,3,3,3,3,3,3,3,3,3
"628","FOODS_3_629_TX_3_validation",0,0,0,0,0,0,0,0,0,0,0,0,0,0,0,0,0,0,0,0,0,0,0,0,0,0,0,0
"629","FOODS_3_630_TX_3_validation",0,0,0,0,0,0,0,0,0,0,0,0,0,0,0,0,0,0,0,0,0,0,0,0,0,0,0,0
"630","FOODS_3_631_TX_3_validation",0,0,0,0,0,1,0,0,0,0,0,0,0,0,0,0,0,0,0,0,0,0,0,0,0,0,0,0
"631","FOODS_3_632_TX_3_validation",1,1,1,1,1,1,2,1,1,1,1,1,1,1,1,1,1,1,1,1,1,1,1,1,1,1,1,1
"632","FOODS_3_633_TX_3_validation",0,0,0,0,0,0,0,0,0,0,0,0,0,0,0,0,0,0,0,0,0,0,0,0,0,0,0,0
"633","FOODS_3_634_TX_3_validation",1,1,1,1,1,1,1,1,1,1,5,1,1,1,1,1,1,1,1,1,1,1,1,1,1,1,1,1
"634","FOODS_3_635_TX_3_validation",0,0,0,0,0,-7,-6,0,0,0,-4,0,0,3,0,0,0,0,0,0,0,0,-1,0,0,0,0,0
"635","FOODS_3_636_TX_3_validation",3,3,3,3,3,3,3,3,3,3,3,3,3,3,3,3,3,3,3,3,3,3,3,3,3,3,3,3
"636","FOODS_3_637_TX_3_validation",0,0,0,0,0,0,0,0,0,0,0,0,0,0,0,0,0,0,0,0,0,0,0,0,0,0,0,0
"637","FOODS_3_638_TX_3_validation",0,0,0,0,0,1,0,0,0,0,1,0,0,1,0,0,0,0,0,0,0,0,0,0,0,0,0,0
"638","FOODS_3_639_TX_3_validation",2,2,2,2,2,2,2,2,2,2,2,2,2,2,2,2,2,2,2,2,2,2,2,2,2,2,2,2
"639","FOODS_3_640_TX_3_validation",0,0,0,0,0,0,0,0,0,0,1,0,0,0,0,0,0,0,0,0,0,0,0,0,0,0,0,0
"640","FOODS_3_641_TX_3_validation",0,0,0,0,0,0,1,0,0,0,0,0,0,0,0,0,0,0,0,0,0,0,0,0,0,0,0,0
"641","FOODS_3_642_TX_3_validation",1,1,1,1,1,1,1,1,1,1,1,1,1,1,1,1,1,1,1,1,1,1,1,1,1,1,1,1
"642","FOODS_3_643_TX_3_validation",1,1,1,1,1,1,1,1,1,1,1,1,1,2,1,1,1,1,1,1,1,1,1,1,1,1,1,1
"643","FOODS_3_644_TX_3_validation",1,1,1,1,1,1,1,1,1,1,1,1,1,2,1,1,1,1,1,1,1,1,1,1,1,1,1,1
"644","FOODS_3_645_TX_3_validation",0,0,0,0,0,0,0,0,1,1,0,0,0,1,0,0,0,0,0,0,0,0,0,1,1,0,1,1
"645","FOODS_3_646_TX_3_validation",1,1,1,1,1,1,4,1,1,1,1,1,1,2,1,1,1,1,1,1,1,1,1,1,1,1,1,1
"646","FOODS_3_647_TX_3_validation",1,1,1,1,1,0,3,1,1,1,1,1,1,0,0,1,0,0,0,0,0,0,0,0,0,0,0,0
"647","FOODS_3_648_TX_3_validation",1,1,1,1,1,2,1,1,1,1,1,1,1,2,1,1,1,1,1,1,1,1,1,1,1,1,1,1
"648","FOODS_3_649_TX_3_validation",0,0,0,0,0,0,0,0,0,0,0,0,0,0,0,0,0,0,0,0,0,0,0,0,0,0,0,0
"649","FOODS_3_650_TX_3_validation",1,1,1,1,1,1,1,1,1,1,1,1,1,1,1,1,1,1,1,1,1,1,1,1,1,1,1,1
"650","FOODS_3_651_TX_3_validation",1,1,1,1,1,1,0,1,1,1,1,1,1,0,1,1,1,1,1,1,1,1,1,1,1,1,1,1
"651","FOODS_3_652_TX_3_validation",5,5,5,5,5,5,5,5,5,5,6,5,5,5,5,5,5,5,5,5,5,5,5,5,5,5,5,5
"652","FOODS_3_653_TX_3_validation",1,1,1,1,1,1,1,1,1,1,1,1,1,1,1,1,1,1,1,1,1,1,1,1,1,1,1,1
"653","FOODS_3_654_TX_3_validation",4,4,4,4,4,3,3,4,4,4,2,4,4,5,4,4,4,4,4,4,4,4,4,4,4,4,4,4
"654","FOODS_3_655_TX_3_validation",1,1,1,1,1,1,0,1,1,1,3,1,1,-1,1,1,1,1,1,1,1,1,1,1,1,1,1,1
"655","FOODS_3_656_TX_3_validation",1,1,1,1,1,1,0,1,1,1,0,1,1,1,1,1,1,1,1,1,1,1,1,1,1,1,1,1
"656","FOODS_3_657_TX_3_validation",3,3,3,3,3,4,3,3,3,3,5,3,3,3,3,3,3,3,3,3,3,3,3,3,3,3,3,3
"657","FOODS_3_658_TX_3_validation",0,0,0,0,0,0,0,0,0,0,0,0,0,0,0,0,0,0,0,0,0,0,0,0,0,0,0,0
"658","FOODS_3_659_TX_3_validation",0,0,0,0,0,0,0,0,0,0,0,0,0,0,0,0,0,0,0,0,0,0,0,0,0,0,0,0
"659","FOODS_3_660_TX_3_validation",4,4,4,4,4,4,5,4,4,4,4,4,4,4,4,4,4,4,4,4,4,4,4,4,4,4,4,4
"660","FOODS_3_661_TX_3_validation",5,5,5,5,5,6,5,5,5,5,5,5,5,5,5,5,5,5,5,5,5,5,5,5,5,5,5,5
"661","FOODS_3_662_TX_3_validation",1,1,1,1,1,1,2,1,1,1,1,1,1,0,1,1,1,1,1,1,1,1,1,1,1,1,1,1
"662","FOODS_3_663_TX_3_validation",1,1,1,1,1,1,0,1,1,1,0,1,1,0,1,1,1,1,1,1,1,1,1,1,1,1,1,1
"663","FOODS_3_664_TX_3_validation",2,2,2,2,2,1,2,2,2,2,5,2,2,5,2,2,2,2,2,3,3,3,3,2,2,2,2,3
"664","FOODS_3_665_TX_3_validation",1,1,1,1,1,4,3,1,1,1,1,1,1,2,1,1,1,1,1,1,1,1,1,1,1,1,1,1
"665","FOODS_3_666_TX_3_validation",0,0,0,0,0,0,0,0,0,0,1,0,0,0,0,0,0,0,0,0,0,0,0,0,0,0,0,0
"666","FOODS_3_667_TX_3_validation",0,0,0,0,0,1,0,0,0,0,0,0,0,1,0,0,0,0,0,0,0,0,0,0,0,0,0,0
"667","FOODS_3_668_TX_3_validation",3,3,3,3,3,3,3,3,3,3,4,3,3,4,3,3,3,3,3,3,3,3,3,3,3,3,3,3
"668","FOODS_3_669_TX_3_validation",2,2,2,2,2,3,2,2,2,2,2,2,2,2,2,2,2,2,2,2,2,2,2,2,2,2,2,2
"669","FOODS_3_670_TX_3_validation",0,0,0,0,0,0,0,0,0,0,0,0,0,0,0,0,0,0,0,0,0,0,0,0,0,0,0,0
"670","FOODS_3_671_TX_3_validation",1,1,1,1,1,1,0,1,1,1,0,1,1,0,1,1,1,1,1,1,1,1,1,1,1,1,1,1
"671","FOODS_3_672_TX_3_validation",3,3,2,3,3,2,4,2,2,2,3,3,2,0,3,3,2,2,2,2,2,2,2,2,2,2,2,2
"672","FOODS_3_673_TX_3_validation",1,1,1,1,1,1,1,1,1,1,0,1,1,1,1,1,1,1,1,1,1,1,1,1,1,1,1,1
"673","FOODS_3_674_TX_3_validation",1,1,1,1,1,3,1,1,1,1,2,1,1,2,1,1,1,1,1,1,1,1,1,1,1,1,1,1
"674","FOODS_3_675_TX_3_validation",1,1,1,1,1,2,3,1,1,1,4,1,1,1,1,1,1,1,1,1,1,1,1,1,1,1,1,1
"675","FOODS_3_676_TX_3_validation",0,0,0,0,0,0,0,0,0,0,0,0,0,0,0,0,0,0,0,0,0,0,0,0,0,0,0,0
"676","FOODS_3_677_TX_3_validation",1,1,1,1,1,0,1,1,1,1,1,1,1,1,1,1,1,1,1,1,1,1,1,1,1,1,1,1
"677","FOODS_3_678_TX_3_validation",3,3,3,3,3,3,3,3,3,3,2,3,3,4,3,3,3,3,3,3,3,3,3,3,3,3,3,3
"678","FOODS_3_679_TX_3_validation",2,2,2,2,2,4,2,2,2,2,0,2,2,0,2,2,2,2,2,2,2,2,2,2,2,2,2,2
"679","FOODS_3_680_TX_3_validation",0,0,0,0,0,0,0,0,0,0,0,0,0,0,0,0,0,0,0,0,0,0,0,0,0,0,0,0
"680","FOODS_3_681_TX_3_validation",16,17,17,17,17,13,12,16,16,16,20,16,17,22,17,17,17,17,17,17,17,17,17,16,16,17,17,16
"681","FOODS_3_682_TX_3_validation",8,9,8,8,8,10,9,9,9,9,10,9,9,9,9,9,9,9,9,9,9,9,9,9,9,9,9,9
"682","FOODS_3_683_TX_3_validation",2,2,2,2,2,2,2,2,2,2,3,2,2,3,2,2,2,2,2,2,2,2,2,2,2,2,2,2
"683","FOODS_3_684_TX_3_validation",1,1,1,1,1,1,1,1,1,1,3,1,1,1,1,1,1,1,1,1,1,1,1,1,1,1,1,1
"684","FOODS_3_685_TX_3_validation",1,1,1,1,1,1,2,1,1,1,2,1,1,0,1,1,1,1,1,1,1,1,1,1,1,1,1,1
"685","FOODS_3_686_TX_3_validation",0,0,0,0,0,0,0,0,0,0,0,0,0,0,0,0,0,0,0,0,0,0,0,0,0,0,0,0
"686","FOODS_3_687_TX_3_validation",1,1,1,1,1,1,1,1,1,1,0,0,1,0,1,1,0,1,0,0,1,0,0,0,1,1,0,1
"687","FOODS_3_688_TX_3_validation",3,3,3,3,3,4,8,3,3,3,7,3,3,3,3,3,3,3,3,3,3,3,3,3,3,3,3,3
"688","FOODS_3_689_TX_3_validation",1,1,0,0,0,1,1,1,1,0,0,0,1,1,1,1,1,1,0,0,1,1,1,1,1,1,1,0
"689","FOODS_3_690_TX_3_validation",0,0,0,0,0,0,0,0,0,0,0,0,0,0,0,0,0,0,0,0,0,0,0,0,0,0,0,0
"690","FOODS_3_691_TX_3_validation",0,0,0,0,0,0,0,0,0,0,0,0,0,0,0,0,0,0,0,0,0,0,0,0,0,0,0,0
"691","FOODS_3_692_TX_3_validation",1,1,1,1,1,0,2,1,1,1,1,1,1,1,1,1,1,1,1,1,1,1,1,1,1,1,1,1
"692","FOODS_3_693_TX_3_validation",0,0,0,0,0,0,0,0,0,0,0,0,0,0,0,0,0,0,0,0,0,0,0,0,0,0,0,0
"693","FOODS_3_694_TX_3_validation",24,24,24,24,24,20,26,24,24,24,27,24,24,32,24,24,24,24,24,24,24,24,24,25,25,24,24,25
"694","FOODS_3_695_TX_3_validation",6,6,6,6,6,7,6,6,6,6,5,6,6,4,6,6,6,6,6,6,6,6,6,6,6,6,6,6
"695","FOODS_3_696_TX_3_validation",0,0,0,0,0,0,0,0,0,0,1,0,0,0,0,0,0,0,0,0,0,0,0,0,0,0,0,0
"696","FOODS_3_697_TX_3_validation",4,5,4,5,4,4,6,5,4,5,6,5,5,3,5,4,5,5,5,5,4,5,4,5,5,5,5,5
"697","FOODS_3_698_TX_3_validation",2,2,2,2,2,2,3,2,2,2,1,2,2,2,2,2,2,2,2,2,2,2,2,2,2,2,2,2
"698","FOODS_3_700_TX_3_validation",1,1,1,1,1,1,2,1,1,1,3,1,1,1,1,1,1,1,1,1,1,1,1,1,1,1,1,1
"699","FOODS_3_701_TX_3_validation",1,1,1,1,1,1,1,1,1,1,2,1,1,1,1,1,1,1,1,1,1,1,1,1,1,1,1,1
"700","FOODS_3_702_TX_3_validation",3,3,3,3,3,3,6,3,3,3,9,3,3,8,3,3,3,3,3,3,3,3,3,3,3,3,3,3
"701","FOODS_3_703_TX_3_validation",1,1,1,1,1,1,1,1,1,1,1,1,1,1,1,1,1,1,1,1,0,1,1,1,1,1,0,1
"702","FOODS_3_704_TX_3_validation",3,3,3,3,3,3,3,3,3,3,5,3,3,2,3,3,3,3,3,3,3,3,3,3,3,3,3,3
"703","FOODS_3_705_TX_3_validation",1,1,1,1,1,0,0,1,1,1,1,1,1,0,1,1,1,1,1,1,1,1,1,1,1,1,1,1
"704","FOODS_3_706_TX_3_validation",3,3,3,3,3,2,3,3,3,3,2,3,3,2,3,3,3,3,3,3,3,3,3,3,3,3,3,3
"705","FOODS_3_707_TX_3_validation",1,1,1,1,1,1,1,1,1,1,1,1,1,0,1,1,1,1,1,1,1,1,1,1,1,1,1,1
"706","FOODS_3_708_TX_3_validation",0,0,0,0,0,0,1,0,0,0,0,0,0,0,0,0,0,0,0,0,0,0,0,0,0,0,0,0
"707","FOODS_3_709_TX_3_validation",1,1,1,1,1,1,2,1,2,1,2,1,1,1,1,1,1,1,1,2,1,2,1,2,1,2,2,1
"708","FOODS_3_710_TX_3_validation",0,0,0,0,0,1,0,0,0,0,0,0,0,0,0,0,0,0,0,0,0,0,0,0,0,0,0,0
"709","FOODS_3_711_TX_3_validation",5,5,5,5,5,2,6,4,4,5,3,5,5,8,5,5,5,5,4,5,5,5,5,5,5,5,5,5
"710","FOODS_3_712_TX_3_validation",1,1,1,1,1,2,1,1,1,1,0,1,1,0,1,1,1,1,1,1,1,1,1,1,1,1,1,1
"711","FOODS_3_713_TX_3_validation",0,0,0,0,0,0,0,0,0,0,0,0,0,1,0,0,0,0,0,0,0,0,0,0,0,0,0,0
"712","FOODS_3_714_TX_3_validation",18,18,18,18,17,14,16,18,18,18,25,18,18,24,18,18,18,18,18,18,17,18,18,17,17,18,18,17
"713","FOODS_3_715_TX_3_validation",1,1,1,1,1,0,1,1,1,1,2,1,1,0,1,1,1,1,1,1,1,1,1,1,1,1,1,1
"714","FOODS_3_716_TX_3_validation",1,1,1,1,1,1,1,1,1,1,1,1,1,1,1,1,1,1,1,1,1,1,1,1,1,1,1,1
"715","FOODS_3_717_TX_3_validation",1,1,1,1,1,1,1,1,1,1,1,1,1,1,1,1,1,1,1,1,1,1,1,1,1,1,1,1
"716","FOODS_3_718_TX_3_validation",0,0,0,0,0,0,0,0,0,0,0,0,0,0,0,0,0,0,0,0,0,0,0,0,0,0,0,0
"717","FOODS_3_719_TX_3_validation",1,1,1,1,1,1,1,1,1,1,1,1,1,1,1,1,1,1,1,1,1,1,1,1,1,1,1,1
"718","FOODS_3_720_TX_3_validation",0,0,0,0,0,0,0,0,0,0,0,0,0,0,0,0,0,0,0,0,0,0,0,0,0,0,0,0
"719","FOODS_3_721_TX_3_validation",0,0,0,0,0,0,0,0,0,0,0,0,0,0,0,0,0,0,0,0,0,0,0,0,0,0,0,0
"720","FOODS_3_722_TX_3_validation",0,0,0,0,0,0,0,0,0,0,0,0,0,0,0,0,0,0,0,0,0,0,0,0,0,0,0,0
"721","FOODS_3_723_TX_3_validation",16,16,16,16,16,13,15,16,15,16,18,16,16,25,15,16,16,16,16,16,16,16,16,16,16,16,16,16
"722","FOODS_3_724_TX_3_validation",0,0,0,0,0,0,0,0,0,0,0,0,0,0,0,0,0,0,0,0,0,0,0,0,0,0,0,0
"723","FOODS_3_725_TX_3_validation",0,1,0,0,1,1,2,0,0,0,1,0,0,1,1,1,0,0,0,0,0,0,0,0,0,0,0,0
"724","FOODS_3_726_TX_3_validation",1,1,1,1,1,0,0,1,1,1,0,1,1,0,1,1,1,1,1,1,1,1,1,1,1,1,1,1
"725","FOODS_3_727_TX_3_validation",3,3,3,3,3,3,5,3,3,3,8,3,3,6,3,3,3,3,3,3,3,3,3,3,3,3,3,3
"726","FOODS_3_729_TX_3_validation",2,2,2,2,2,1,1,2,2,2,2,2,2,2,2,2,2,2,2,2,2,2,2,2,2,2,2,2
"727","FOODS_3_730_TX_3_validation",1,1,1,1,1,1,0,1,1,1,0,1,1,2,1,1,1,1,1,1,1,1,1,1,1,1,1,1
"728","FOODS_3_731_TX_3_validation",1,1,1,1,1,1,3,1,1,1,2,1,1,1,1,1,1,1,1,1,1,1,1,1,1,1,1,1
"729","FOODS_3_732_TX_3_validation",0,0,0,0,0,-1,1,0,0,0,0,0,0,0,0,0,0,0,0,0,0,0,0,0,0,0,0,0
"730","FOODS_3_733_TX_3_validation",1,1,1,1,1,1,1,1,1,1,0,1,1,1,1,1,1,1,1,1,1,1,1,1,1,1,1,1
"731","FOODS_3_734_TX_3_validation",7,7,7,7,7,6,8,7,7,7,4,7,7,9,7,7,7,7,7,7,7,7,7,7,7,7,7,7
"732","FOODS_3_735_TX_3_validation",1,1,1,1,1,1,1,1,1,1,1,1,1,1,1,1,1,1,1,1,1,1,1,1,1,1,1,1
"733","FOODS_3_736_TX_3_validation",0,0,0,0,0,0,0,0,0,0,0,0,0,0,0,0,0,0,0,0,0,0,0,0,0,0,0,0
"734","FOODS_3_737_TX_3_validation",0,0,0,0,0,0,0,0,0,0,0,0,0,0,0,0,0,0,0,0,0,0,0,0,0,0,0,0
"735","FOODS_3_738_TX_3_validation",2,2,2,2,2,2,4,2,2,2,2,2,2,3,2,2,2,2,2,2,2,2,2,2,2,2,2,2
"736","FOODS_3_739_TX_3_validation",4,3,4,4,3,4,3,3,3,4,2,3,3,1,4,3,3,4,3,3,3,3,3,3,3,3,3,3
"737","FOODS_3_741_TX_3_validation",4,4,4,4,4,4,3,4,4,4,3,4,4,3,4,4,4,4,4,4,4,4,4,4,4,4,4,4
"738","FOODS_3_742_TX_3_validation",0,1,1,1,1,1,2,1,0,1,4,1,1,1,1,1,1,1,0,1,1,1,1,0,1,1,1,1
"739","FOODS_3_743_TX_3_validation",1,1,1,1,1,1,1,1,1,1,1,1,1,1,1,1,1,1,1,1,1,1,1,1,1,1,1,1
"740","FOODS_3_744_TX_3_validation",3,3,3,3,3,4,5,3,3,3,4,3,3,4,3,3,3,3,3,3,3,3,3,3,3,3,3,3
"741","FOODS_3_745_TX_3_validation",0,0,0,0,0,0,0,0,0,0,0,0,0,1,0,0,0,0,0,0,0,0,0,0,0,0,0,0
"742","FOODS_3_746_TX_3_validation",2,2,2,2,2,2,2,2,2,2,3,2,2,1,2,2,2,2,2,2,2,2,2,2,2,2,2,2
"743","FOODS_3_747_TX_3_validation",2,2,2,2,2,1,2,2,2,2,1,2,2,1,2,2,2,2,2,2,2,2,2,2,2,2,2,2
"744","FOODS_3_748_TX_3_validation",1,1,1,1,1,0,0,1,1,1,1,1,1,1,1,1,1,1,1,1,1,1,1,1,1,1,1,1
"745","FOODS_3_749_TX_3_validation",1,1,1,1,1,1,1,1,1,1,0,1,1,1,1,1,1,1,1,1,1,1,1,1,1,1,1,1
"746","FOODS_3_750_TX_3_validation",1,1,1,1,1,0,2,1,1,1,2,1,1,3,1,1,1,1,1,1,1,1,1,1,1,1,1,1
"747","FOODS_3_751_TX_3_validation",1,1,1,1,1,1,1,1,1,1,0,1,1,0,1,1,1,1,1,1,1,1,1,1,1,1,1,1
"748","FOODS_3_752_TX_3_validation",6,6,6,6,6,3,5,6,6,6,1,6,6,4,6,6,6,6,6,6,6,6,6,6,6,6,6,6
"749","FOODS_3_753_TX_3_validation",1,1,1,1,1,0,1,1,1,1,1,1,1,0,1,1,1,1,1,1,1,1,1,1,1,1,1,1
"750","FOODS_3_754_TX_3_validation",0,0,0,0,0,0,0,0,0,0,0,0,0,0,0,0,0,0,0,0,0,0,0,0,0,0,0,0
"751","FOODS_3_755_TX_3_validation",1,1,1,1,1,0,2,1,1,1,1,1,1,1,1,1,1,1,1,1,1,1,1,1,1,1,1,1
"752","FOODS_3_756_TX_3_validation",8,8,8,8,8,8,8,8,8,8,10,8,8,7,8,8,8,8,8,8,8,8,8,8,8,8,8,8
"753","FOODS_3_757_TX_3_validation",3,2,3,3,2,3,3,3,3,3,3,3,3,3,3,3,2,2,3,3,3,3,2,2,2,2,3,3
"754","FOODS_3_758_TX_3_validation",0,0,0,0,0,0,0,0,0,0,0,0,0,0,0,0,0,0,0,0,0,0,0,0,0,0,0,0
"755","FOODS_3_759_TX_3_validation",0,0,0,0,0,0,0,0,0,0,0,0,0,0,0,0,0,0,0,0,0,0,0,0,0,0,0,0
"756","FOODS_3_760_TX_3_validation",3,3,3,3,3,4,3,3,3,3,4,3,3,3,3,3,3,3,3,3,3,3,3,3,3,3,3,3
"757","FOODS_3_761_TX_3_validation",0,0,0,0,0,0,0,0,0,0,1,0,0,0,0,0,0,0,0,0,0,0,0,0,0,0,0,0
"758","FOODS_3_762_TX_3_validation",0,0,0,0,0,0,0,0,0,0,0,0,0,0,0,0,0,0,0,0,0,0,0,0,0,0,0,0
"759","FOODS_3_763_TX_3_validation",0,0,0,0,0,0,0,0,0,0,0,0,0,0,0,0,0,0,0,0,0,0,0,0,0,0,0,0
"760","FOODS_3_764_TX_3_validation",1,1,1,1,1,-1,7,1,1,1,3,1,1,1,1,1,1,1,1,1,1,1,1,1,1,1,1,1
"761","FOODS_3_765_TX_3_validation",1,1,1,1,1,1,1,1,1,1,0,1,1,1,1,1,1,1,1,1,1,1,1,1,1,1,1,1
"762","FOODS_3_766_TX_3_validation",0,0,0,0,0,1,0,0,0,0,0,0,0,1,0,0,0,0,0,0,0,0,0,0,0,0,0,0
"763","FOODS_3_767_TX_3_validation",4,4,4,4,4,2,3,4,4,4,3,4,4,2,4,4,4,4,4,4,4,4,4,4,4,4,4,4
"764","FOODS_3_768_TX_3_validation",2,2,2,2,2,1,1,2,2,2,2,2,2,1,2,2,2,2,2,2,2,2,2,2,2,2,2,2
"765","FOODS_3_769_TX_3_validation",2,2,2,2,3,3,6,3,2,2,4,2,3,3,2,3,2,3,2,3,3,3,3,3,3,2,2,3
"766","FOODS_3_770_TX_3_validation",1,1,1,1,1,2,0,1,1,1,1,1,1,1,1,1,1,1,1,1,1,1,1,1,1,1,1,1
"767","FOODS_3_771_TX_3_validation",0,0,0,0,0,0,1,0,0,0,0,0,0,1,0,0,0,0,0,0,0,0,0,0,0,0,0,0
"768","FOODS_3_772_TX_3_validation",4,4,4,4,4,3,4,4,4,4,4,4,4,5,4,4,4,4,4,4,4,4,4,4,4,4,4,4
"769","FOODS_3_773_TX_3_validation",0,0,0,0,0,0,1,0,0,0,0,0,0,0,0,0,0,0,0,0,0,0,0,0,0,0,0,0
"770","FOODS_3_774_TX_3_validation",0,0,0,0,0,0,1,0,0,0,1,0,0,0,0,0,0,0,0,0,0,0,0,0,0,0,0,0
"771","FOODS_3_775_TX_3_validation",0,0,0,0,0,0,0,0,0,0,0,0,0,0,0,0,0,0,0,0,0,0,0,0,0,0,0,0
"772","FOODS_3_776_TX_3_validation",1,1,1,1,1,1,0,1,1,1,0,1,1,1,1,1,1,1,1,1,1,1,1,1,1,1,1,1
"773","FOODS_3_777_TX_3_validation",1,1,1,1,1,1,0,1,1,1,1,1,1,1,1,1,1,1,1,1,1,1,1,1,1,1,1,1
"774","FOODS_3_778_TX_3_validation",0,0,0,0,0,0,0,0,0,0,0,0,0,0,0,0,0,0,0,0,0,0,0,0,0,0,0,0
"775","FOODS_3_779_TX_3_validation",0,0,0,0,0,1,1,0,0,0,0,0,0,0,0,0,0,0,0,0,0,0,0,0,0,0,0,0
"776","FOODS_3_780_TX_3_validation",0,0,0,0,0,0,0,0,0,0,0,0,0,0,0,0,0,0,0,0,0,0,0,0,0,0,0,0
"777","FOODS_3_781_TX_3_validation",0,0,0,0,0,1,1,0,0,0,0,1,0,1,0,0,0,0,0,0,0,0,0,0,0,0,0,0
"778","FOODS_3_782_TX_3_validation",4,4,4,4,4,2,3,4,4,4,2,4,4,3,4,4,4,4,4,4,4,4,4,4,4,4,4,4
"779","FOODS_3_783_TX_3_validation",3,3,3,3,3,2,6,3,3,3,2,3,3,2,3,3,3,3,3,3,3,3,3,3,3,3,3,3
"780","FOODS_3_784_TX_3_validation",0,0,0,0,0,1,0,0,0,0,0,0,0,0,0,0,0,0,0,0,0,0,0,0,0,0,0,0
"781","FOODS_3_785_TX_3_validation",6,6,6,6,6,4,6,6,6,6,2,6,6,4,6,6,6,6,6,6,6,6,6,6,5,6,5,6
"782","FOODS_3_786_TX_3_validation",1,1,1,1,1,0,1,1,1,1,1,1,1,1,1,1,1,1,1,1,1,1,1,1,1,1,1,1
"783","FOODS_3_787_TX_3_validation",3,3,3,3,3,3,6,3,3,3,5,3,3,3,3,3,3,3,3,3,3,3,3,3,3,3,3,3
"784","FOODS_3_788_TX_3_validation",0,0,0,0,0,0,0,0,0,0,4,0,0,0,0,0,0,0,0,0,0,0,0,0,0,0,0,0
"785","FOODS_3_789_TX_3_validation",2,2,2,2,2,3,4,2,2,2,2,2,2,1,2,2,2,2,2,2,2,2,2,2,2,2,2,2
"786","FOODS_3_790_TX_3_validation",0,0,0,0,0,1,1,0,0,0,1,0,0,1,0,0,0,0,0,0,0,0,0,0,0,0,0,0
"787","FOODS_3_791_TX_3_validation",1,1,1,1,1,1,1,1,1,1,1,1,1,2,1,1,1,1,1,1,1,1,1,1,1,1,1,1
"788","FOODS_3_792_TX_3_validation",3,3,3,3,3,6,4,3,3,3,3,3,3,3,3,3,3,3,3,3,3,3,3,3,3,3,3,3
"789","FOODS_3_793_TX_3_validation",1,1,1,1,1,0,1,1,1,1,1,1,1,0,1,1,1,1,1,1,1,1,1,1,1,1,1,1
"790","FOODS_3_794_TX_3_validation",1,1,1,1,1,1,1,1,1,1,1,1,1,0,1,1,1,1,1,1,1,1,1,1,1,1,1,1
"791","FOODS_3_795_TX_3_validation",3,3,3,3,3,3,3,3,3,3,3,3,3,3,3,3,3,3,3,3,3,3,3,3,3,3,3,3
"792","FOODS_3_796_TX_3_validation",0,0,0,0,0,0,0,0,0,0,0,0,0,0,0,0,0,0,0,0,0,0,0,0,0,0,0,0
"793","FOODS_3_797_TX_3_validation",1,1,1,1,1,1,1,1,1,1,1,1,1,1,1,1,1,1,1,1,1,1,1,1,1,1,1,1
"794","FOODS_3_798_TX_3_validation",0,0,0,0,0,0,0,0,0,0,0,0,0,0,0,0,0,0,0,0,0,0,0,0,0,0,0,0
"795","FOODS_3_799_TX_3_validation",0,0,0,0,0,0,0,0,0,0,0,0,0,0,0,0,0,0,0,0,0,0,0,0,0,0,0,0
"796","FOODS_3_800_TX_3_validation",10,10,10,10,10,9,13,10,10,10,10,10,10,11,10,10,10,10,10,10,11,11,11,11,11,11,11,11
"797","FOODS_3_801_TX_3_validation",3,3,3,3,3,8,7,3,3,3,3,3,3,1,3,3,3,3,3,3,3,3,3,3,3,3,3,3
"798","FOODS_3_802_TX_3_validation",0,0,0,0,0,0,0,0,0,0,2,0,0,0,0,0,0,0,0,0,0,0,0,0,0,0,0,0
"799","FOODS_3_803_TX_3_validation",1,1,1,1,1,1,1,1,1,1,4,1,1,1,1,1,1,1,1,1,1,1,1,1,1,1,1,1
"800","FOODS_3_804_TX_3_validation",14,15,15,15,15,11,13,15,15,15,20,15,15,14,15,15,15,15,15,15,15,15,15,15,15,15,15,15
"801","FOODS_3_805_TX_3_validation",1,1,1,1,1,1,1,1,1,1,1,1,1,1,1,1,1,1,1,1,1,1,1,1,1,1,1,1
"802","FOODS_3_806_TX_3_validation",0,0,0,0,0,0,0,0,0,0,0,0,0,0,0,0,0,0,0,0,0,0,0,0,0,0,0,0
"803","FOODS_3_807_TX_3_validation",3,3,3,3,3,2,3,3,3,3,4,3,3,3,3,3,3,3,3,3,3,3,3,3,3,3,3,3
"804","FOODS_3_808_TX_3_validation",1,1,2,1,1,-7,-7,2,1,1,-5,1,1,4,1,1,1,1,1,1,1,1,1,1,1,1,1,1
"805","FOODS_3_809_TX_3_validation",1,1,1,1,1,3,8,1,0,0,0,0,0,-2,0,0,0,0,0,0,0,0,0,0,0,0,0,0
"806","FOODS_3_810_TX_3_validation",0,0,0,0,0,0,0,0,0,0,0,0,0,0,0,0,0,0,0,0,0,0,0,0,0,0,0,0
"807","FOODS_3_811_TX_3_validation",14,14,14,15,15,16,22,15,15,14,15,15,15,20,15,15,15,15,15,15,15,15,15,15,14,15,14,15
"808","FOODS_3_812_TX_3_validation",1,1,1,1,1,1,1,1,1,1,1,1,1,1,1,1,1,1,1,1,1,1,1,1,1,1,1,1
"809","FOODS_3_813_TX_3_validation",1,1,1,1,1,1,1,1,1,1,1,1,1,1,1,1,1,1,1,1,1,1,1,1,1,1,1,1
"810","FOODS_3_814_TX_3_validation",2,2,2,2,2,3,1,2,2,2,1,2,2,2,2,2,2,2,2,2,2,2,2,2,2,2,2,2
"811","FOODS_3_815_TX_3_validation",0,0,0,0,0,0,0,0,0,0,0,0,0,0,0,0,0,0,0,0,0,0,0,0,0,0,0,0
"812","FOODS_3_816_TX_3_validation",2,2,2,2,2,1,4,2,2,2,1,2,2,0,2,2,2,2,2,2,2,2,2,2,2,2,2,2
"813","FOODS_3_817_TX_3_validation",0,0,0,0,0,0,0,0,0,0,0,0,0,0,0,0,0,0,0,0,0,0,0,0,0,0,0,0
"814","FOODS_3_818_TX_3_validation",3,3,3,3,3,2,2,3,3,3,3,3,3,3,3,3,3,3,3,3,3,3,3,3,3,3,3,3
"815","FOODS_3_819_TX_3_validation",1,1,1,1,1,2,0,1,1,1,2,1,1,1,1,1,1,1,1,1,1,1,1,1,1,1,1,1
"816","FOODS_3_820_TX_3_validation",2,2,2,2,2,1,2,2,2,2,2,2,2,2,2,2,2,2,2,2,2,2,2,2,2,2,2,2
"817","FOODS_3_821_TX_3_validation",1,1,1,1,1,0,0,1,1,1,0,1,1,1,1,1,1,1,1,1,1,1,1,1,1,1,1,1
"818","FOODS_3_822_TX_3_validation",1,1,2,1,1,5,0,1,1,1,5,1,1,5,1,1,1,1,1,1,1,1,1,1,1,1,1,1
"819","FOODS_3_823_TX_3_validation",0,0,0,0,0,0,0,0,0,0,1,0,0,0,0,0,0,0,0,0,0,0,0,0,0,0,0,0
"820","FOODS_3_824_TX_3_validation",0,0,0,0,0,0,1,0,0,0,0,0,0,0,0,0,0,0,0,0,0,0,0,0,0,0,0,0
"821","FOODS_3_825_TX_3_validation",1,1,1,1,1,1,0,1,1,1,2,1,1,0,1,1,1,1,1,1,1,1,1,1,1,1,1,1
"822","FOODS_3_826_TX_3_validation",1,1,1,1,1,1,2,1,1,1,1,1,1,1,1,1,1,1,1,1,1,1,1,1,1,1,1,1
"823","FOODS_3_827_TX_3_validation",1,1,1,1,1,1,3,1,1,1,1,1,1,1,1,1,1,1,1,1,1,1,1,1,1,1,1,1
